18221	18221
27984	27984
27984	17132
6781	6781
27867	27867
50427	50427
17451	17451
5633	5633
5633	5653
34173	34173
34104	34104
34104	34103
34104	27262
34104	18324
15312	15312
7170	7170
19533	19533
19449	19449
19449	16995
19200	19200
5100	5100
5100	16779
5100	5309
34640	34640
19299	19299
5199	5199
30925	30925
30925	30676
50219	50219
4786	4786
4786	4785
10095	10095
16593	16593
16593	15474
16593	25155
16593	5011
16593	4886
16593	4881
16593	1673
10101	10101
25983	25983
16927	16927
50314	50314
4768	4768
4768	18615
5547	5547
34393	34393
11223	11223
11254	11254
11254	16338
11254	6176
17752	17752
7204	7204
28043	28043
15088	15088
5810	5810
5984	5984
18155	18155
4222	4222
4222	27246
16040	16040
16040	4371
16040	17973
27633	27633
25170	25170
28133	28133
34399	34399
34399	50273
5917	5917
5917	10023
7303	7303
15161	15161
15161	15173
7297	7297
34300	34300
17622	17622
17622	34466
25194	25194
25194	25193
6946	6946
4352	4352
4352	4293
4352	6061
18025	18025
6585	6585
20110	20110
19370	19370
19370	5544
19370	5103
19370	16340
19370	4581
19370	30017
19370	5838
19370	5189
19370	17866
19370	4856
19370	26956
19370	15594
19370	31007
19370	19369
19370	4099
19370	4430
19370	5206
19370	5895
19370	4105
19370	18854
19370	18425
19370	4892
19370	4285
19370	5127
19370	4001
19370	26738
19370	4982
19370	5247
19370	19371
30575	30575
51598	51598
5070	5070
17212	17212
30502	30502
30502	30501
25989	25989
25989	25990
25447	25447
27290	27290
10006	10006
18581	18581
6021	6021
27209	27209
15679	15679
15679	11211
15679	11230
15679	26593
15679	50015
15679	25308
11531	11531
34481	34481
19155	19155
11546	11546
4867	4867
4867	4863
4867	4858
25662	25662
25662	30394
25662	30395
10254	10254
25718	25718
5665	5665
19948	19948
5786	5786
5786	19143
34152	34152
34152	27303
15344	15344
15344	7371
6739	6739
27566	27566
27566	27619
18277	18277
18394	18394
18394	18387
6643	6643
6643	5599
6643	50998
16315	16315
27831	27831
15243	15243
15243	16833
15243	25391
34055	34055
34022	34022
34022	26552
5618	5618
15339	15339
19942	19942
19942	25819
19942	25032
19942	25600
19942	19617
6744	6744
16386	16386
50598	50598
6649	6649
26639	26639
26639	26616
15790	15790
15790	34451
5228	5228
5228	34187
5228	34189
5228	15397
5228	34188
51623	51623
51623	51621
51623	51622
26743	26743
10324	10324
10324	10161
10324	10159
10324	10329
10324	10326
10324	10142
10324	10331
18740	18740
18740	17725
18740	17045
18740	17724
27051	27051
50146	50146
50146	15057
50146	50145
50146	51416
50146	7287
50146	7110
50146	36163
50146	50148
50146	6508
50146	6960
50146	19125
50146	25743
50146	30206
50146	4312
50146	50149
50146	50143
50146	6507
50146	51417
50146	27347
50146	50147
50146	50801
27026	27026
25712	25712
25712	34093
25712	34105
18190	18190
18190	30293
18190	25515
18190	19163
18190	30457
18190	50169
18190	27405
18190	27952
18190	50167
18190	11417
18190	4228
18190	11144
18190	26322
18190	10033
18190	50168
18190	4227
18190	17825
18190	25514
18190	16618
18190	10119
18190	27953
18190	51532
16085	16085
6989	6989
6989	6368
6989	6799
4373	4373
6447	6447
50602	50602
25021	25021
50796	50796
50796	50797
6910	6910
27762	27762
27762	27183
27762	50694
27762	28079
27762	28080
27762	18392
34356	34356
34356	34355
34356	34076
34356	34072
5936	5936
28112	28112
10050	10050
6194	6194
6194	7117
6194	5702
18819	18819
18819	18468
27228	27228
16556	16556
16556	15133
16556	15353
6000	6000
25931	25931
25931	25932
16521	16521
10027	10027
25411	25411
25411	6401
25411	25087
25411	34015
25411	6400
25411	34029
27352	27352
18539	18539
18539	5222
18539	27050
18539	27049
30523	30523
30523	26534
5051	5051
51899	51899
51899	30527
30997	30997
16971	16971
50335	50335
50335	18352
50335	50336
25482	25482
18969	18969
18969	19308
18969	18567
18969	16864
25836	25836
16426	16426
16451	16451
16451	16464
16451	16447
50238	50238
30890	30890
51427	51427
26530	26530
26530	34424
34661	34661
34661	7019
34661	18587
19221	19221
34782	34782
51907	51907
30424	30424
5156	5156
26810	26810
50691	50691
6860	6860
6540	6540
18097	18097
16061	16061
5846	5846
5846	15320
17773	17773
11275	11275
30180	30180
5566	5566
27979	27979
25217	25217
11049	11049
11049	11050
19800	19800
19800	27424
17962	17962
17962	15585
5620	5620
5620	5691
11133	11133
11133	10030
15295	15295
15295	7007
5657	5657
30325	30325
25627	25627
50004	50004
50190	50190
27069	27069
6241	6241
6241	27380
6241	6742
18602	18602
18602	18109
6236	6236
4958	4958
4496	4496
7429	7429
7429	15959
19189	19189
19189	5319
19189	17302
19189	17487
19189	5048
19189	11253
19189	5578
19189	16309
19189	25801
19189	17303
19189	16310
19189	27129
19189	25333
19189	15429
19189	19271
19189	5579
19189	4098
19189	6642
19189	26770
36264	36264
36264	19538
15746	15746
11497	11497
5267	5267
17005	17005
19110	19110
19110	16681
17191	17191
19084	19084
34527	34527
30681	30681
4405	4405
4405	34352
4405	17815
6346	6346
10282	10282
10282	10288
16610	16610
10316	10316
50079	50079
27180	27180
25720	25720
50103	50103
4925	4925
4925	6053
4925	6054
27063	27063
51688	51688
51688	51687
11473	11473
11473	19508
11473	50512
11473	19576
11473	16082
11473	10319
11473	10280
26771	26771
51611	51611
27529	27529
27529	27627
6695	6695
50449	50449
27904	27904
6776	6776
50813	50813
27453	27453
27453	34110
27453	50404
15206	15206
15206	6981
15206	15214
34184	34184
19427	19427
7187	7187
17865	17865
34089	34089
17448	17448
19893	19893
19893	12041
36060	36060
36060	30345
36060	27072
5180	5180
17276	17276
5014	5014
17201	17201
51832	51832
19314	19314
19314	10079
26591	26591
15981	15981
51486	51486
5119	5119
17298	17298
19219	19219
16487	16487
16949	16949
6045	6045
6045	6364
18471	18471
6032	6032
6032	6283
16564	16564
4706	4706
6148	6148
18951	18951
50277	50277
50277	6183
17646	17646
11337	11337
15105	15105
34287	34287
34287	27523
5904	5904
6475	6475
4341	4341
16059	16059
28050	28050
17736	17736
5554	5554
5554	15020
26048	26048
26048	34077
11247	11247
50737	50737
16129	16129
16129	25945
6505	6505
6928	6928
26575	26575
36110	36110
36110	36109
36110	36207
27210	27210
27210	25125
27210	5899
27210	18922
27210	6611
27210	4527
27210	15011
27210	15008
27210	5303
27210	26789
27210	30161
27210	26535
27210	26532
27210	25124
27210	15009
27210	4528
27210	15010
50370	50370
16519	16519
16519	16145
25804	25804
10086	10086
10086	11277
51481	51481
26858	26858
15448	15448
26578	26578
26578	5406
26578	5003
26578	5005
15968	15968
51418	51418
5187	5187
34753	34753
6138	6138
4798	4798
4798	27705
4798	16726
4798	4492
4798	18627
4798	5332
4798	16446
4798	16334
4798	4030
4798	15561
4798	4378
4798	30888
50270	50270
10065	10065
10065	5592
10065	5593
10065	5558
6035	6035
6035	25889
16563	16563
26045	26045
5897	5897
51125	51125
30126	30126
30126	51254
17636	17636
11330	11330
11330	7351
5879	5879
16029	16029
27757	27757
27757	19502
27757	7270
27757	11024
27757	26963
27757	25356
27757	17503
27757	4796
27757	15098
27757	36180
27757	5060
27757	15816
27757	26705
27757	4821
27757	15378
27757	17195
27757	5894
27757	50032
27757	11542
27757	15770
27757	34255
27757	17694
27757	6434
27757	16115
27757	25277
27757	30708
27757	18585
27757	15875
27757	26028
27757	17410
27757	50151
27757	34246
27757	15617
27757	50994
27757	4941
27757	17111
27757	30706
27757	36299
27757	18880
27757	15477
27757	27768
27757	12018
27757	19167
27757	11590
27757	6955
27757	50740
27757	15548
27757	17371
27757	18576
27757	25453
27757	26928
27757	18672
27757	27080
27757	5217
27757	34256
27757	26873
27757	16918
27757	26897
27757	51377
27757	50465
27757	4413
27757	19171
27757	6934
27757	26933
27757	27234
27757	5920
27757	50195
27757	6343
27757	18134
27757	50033
27757	6108
27757	5059
27757	5833
27757	26927
27757	50638
27757	11245
27757	17290
27757	50961
27757	26801
27757	26898
27757	16917
27757	6901
27757	5797
27757	18484
27757	15804
27757	6710
27757	18419
27757	26896
27757	16869
27757	51301
27757	50944
27757	26929
27757	4793
27757	50091
27757	15576
27757	27460
27757	17926
27757	27484
27757	6272
27757	26985
27757	27353
27757	18704
27757	19111
27757	15543
27757	27282
27757	26996
27757	4385
27757	18257
27757	30340
27757	30707
27757	26613
27757	5305
27757	27882
27757	26027
4331	4331
6405	6405
30021	30021
5873	5873
51055	51055
6822	6822
25113	25113
25113	17820
26825	26825
26825	26820
26825	26824
19380	19380
36117	36117
5019	5019
15881	15881
51412	51412
51412	51411
51412	51169
30931	30931
30931	51048
10115	10115
16413	16413
6132	6132
50399	50399
4792	4792
16944	16944
16944	16647
18851	18851
18851	18852
16569	16569
16357	16357
50887	50887
27990	27990
18235	18235
16320	16320
50433	50433
50433	6287
50433	50430
50433	5399
50433	5401
50433	4205
25210	25210
25384	25384
18338	18338
15306	15306
15306	50022
15306	50023
11134	11134
15371	15371
15371	11063
7113	7113
7113	25406
7113	25303
7113	25305
17445	17445
19550	19550
19550	19554
19993	19993
30258	30258
19807	19807
19807	19806
10261	10261
18605	18605
18605	11334
4928	4928
4928	30705
4928	11453
16684	16684
25657	25657
16789	16789
17002	17002
17002	36447
17002	18018
5260	5260
5260	5271
5260	5249
30765	30765
51766	51766
51766	19083
51766	19885
26792	26792
27064	27064
27064	7433
4955	4955
4955	17150
27187	27187
27187	30275
6341	6341
6341	10336
51782	51782
26701	26701
26701	26700
30718	30718
5284	5284
5284	4682
5284	27945
5284	4681
5284	27113
5284	5320
5284	16042
5284	27096
5284	4186
5284	5285
5284	27112
5284	6134
5284	6150
30662	30662
30662	30661
30662	50008
30662	30664
19067	19067
17105	17105
34427	34427
34427	17635
34427	19561
34427	34259
34427	17508
34427	19320
50814	50814
50814	50817
50814	50816
50814	50815
50814	50818
18332	18332
4045	4045
4032	4032
4032	25167
4032	19910
4032	50650
4032	17172
4032	18197
11149	11149
11149	15591
11149	11443
17862	17862
19999	19999
19999	50447
7063	7063
6883	6883
18179	18179
18179	7430
18179	15964
478	478
25026	25026
4374	4374
6440	6440
4297	4297
4297	5122
4297	4075
16161	16161
5946	5946
11278	11278
51083	51083
30019	30019
30019	30703
30019	30704
5931	5931
5931	26718
5931	5347
30163	30163
7325	7325
17673	17673
34326	34326
11296	11296
11296	6297
11296	11303
16871	16871
25461	25461
16806	16806
18887	18887
18887	16979
30553	30553
30553	30554
15577	15577
17234	17234
26884	26884
26884	15458
26884	30353
10150	10150
6177	6177
6177	5409
6177	25039
10127	10127
6199	6199
25566	25566
25566	25557
30423	30423
19251	19251
26860	26860
26860	6903
26860	6904
5126	5126
34666	34666
30559	30559
18090	18090
6810	6810
17703	17703
36515	36515
11272	11272
5482	5482
51184	51184
28012	28012
28012	17974
28012	5266
28012	5677
28012	5924
30757	30757
30757	27316
34512	34512
5328	5328
5328	6353
5328	28077
26643	26643
15609	15609
19028	19028
4540	4540
18637	18637
10253	10253
10253	10312
25665	25665
27151	27151
25612	25612
50031	50031
50031	26779
5615	5615
7121	7121
7121	7180
7121	6644
15343	15343
15343	50786
15343	50255
15343	25476
15343	25498
15343	51440
15343	18459
15343	51193
15343	11111
15343	18051
15343	16139
15343	19203
15343	11123
15343	17068
15343	6356
15343	7003
15343	10129
15343	11371
15343	11292
15343	15793
15343	19051
15343	11096
15343	11244
15343	4342
15343	30155
15343	19063
15343	34080
15343	11400
15343	18776
15343	10262
15343	19757
15343	30653
15343	27418
15343	19252
15343	11376
15343	4028
15343	11563
15343	11413
15343	19077
15343	18765
15343	50804
15343	4711
15343	34304
15343	25449
15343	26653
15343	26010
15343	5956
15343	27702
15343	26317
15343	12033
15343	6163
15343	30960
15343	19539
15343	11120
15343	17906
15343	18845
15343	51724
15343	17950
15343	15234
15343	27416
15343	34586
15343	11291
15343	11372
15343	10120
15343	36058
15343	34226
15343	25383
15343	10266
15343	18691
15343	5317
15343	15172
15343	28027
15343	26855
15343	34724
15343	17641
15343	34759
15343	18492
15343	18791
15343	15736
15343	19010
15343	30974
15343	11098
15343	15233
15343	5355
15343	30241
15343	11584
15343	34079
15343	11127
15343	27671
15343	25496
15343	15487
15343	27701
15343	19775
15343	27858
15343	16236
15343	27002
15343	16701
15343	30249
15343	11152
15343	4029
15343	18560
15343	6315
15343	17126
15343	27499
15343	5774
15343	25244
15343	5709
15343	34144
15343	18428
15343	16989
15343	19777
15343	26011
15343	27703
15343	19525
15343	19991
15343	17170
15343	27421
15343	34726
15343	26920
15343	36018
15343	27419
15343	6736
15343	15246
15343	17135
15343	30652
15343	28117
15343	26912
15343	6102
15343	25564
15343	34223
15343	19680
15343	11370
15343	6868
15343	26818
15343	10128
15343	34329
15343	34224
15343	27610
15343	27414
15343	17502
15343	18829
15343	6493
15343	15989
15343	17867
15343	16007
15343	50254
15343	27704
15343	6895
15343	27609
15343	27037
15343	6286
15343	26628
15343	6755
15343	11183
15343	11110
15343	7271
15343	17750
15343	7301
15343	19735
15343	18417
15343	26839
15343	10077
15343	10099
15343	11585
15343	26764
15343	15759
15343	15942
15343	27670
15343	18728
15343	19499
15343	27044
15343	34758
15343	34725
15343	27422
15343	19011
15343	27669
15343	5224
15343	31033
15343	15235
15343	7127
15343	27613
15343	6982
15343	36059
15343	5027
15343	11373
15343	11304
15343	11405
15343	5361
15343	34728
15343	19758
15343	7382
15343	6929
15343	16155
15343	11523
15343	19500
15343	19494
15343	11119
15343	10274
15343	18580
15343	25885
15343	6930
15343	18053
15343	6837
15343	27275
34155	34155
26309	26309
11106	11106
34122	34122
5662	5662
5662	5175
5662	5663
34058	34058
34058	34041
34058	16411
34058	30327
34058	16412
17920	17920
17920	50701
17920	26960
17920	28065
17957	17957
17957	19974
27836	27836
27836	30591
16312	16312
25358	25358
16365	16365
25255	25255
25255	26987
50595	50595
25222	25222
25222	18256
50401	50401
17507	17507
19848	19848
34052	34052
5686	5686
27411	27411
27488	27488
27931	27931
26744	26744
15779	15779
15603	15603
19055	19055
19055	16165
19055	27270
19055	15225
19055	17468
34462	34462
6209	6209
6209	19193
6209	4271
50141	50141
27056	27056
16652	16652
6373	6373
51595	51595
51595	51592
51595	51594
36009	36009
15451	15451
26841	26841
5107	5107
5107	18652
19270	19270
19207	19207
19207	19209
34630	34630
16957	16957
4718	4718
10106	10106
10092	10092
18562	18562
18562	18565
5983	5983
5817	5817
5537	5537
34200	34200
19637	19637
19637	25776
19637	25768
30032	30032
34394	34394
34394	34395
34394	6354
17722	17722
17722	17721
27643	27643
25177	25177
50754	50754
50754	26822
50754	18020
50754	5752
4328	4328
25094	25094
25094	25093
27634	27634
4225	4225
4225	16403
4225	25451
4225	6118
4225	17637
4225	16264
4225	6410
30135	30135
30135	30569
15111	15111
15111	15534
28039	28039
5884	5884
26021	26021
6416	6416
16137	16137
16137	16297
18158	18158
30491	30491
30491	30492
30491	30543
17381	17381
30505	30505
26931	26931
26931	4280
26931	51020
26931	34745
26931	26517
26931	4467
26931	51548
26931	27436
5077	5077
5000	5000
5000	50156
5000	27950
5000	5552
30928	30928
30928	5801
30928	16768
30408	30408
15995	15995
15995	17211
4712	4712
4712	15783
18412	18412
18412	30614
18412	30613
4765	4765
4765	11451
4765	4037
50214	50214
50263	50263
50263	50264
18356	18356
27989	27989
16339	16339
27430	27430
27430	27429
11057	11057
7193	7193
34073	34073
34073	50345
34004	34004
34004	27243
34004	28064
30236	30236
19433	19433
7070	7070
7070	16243
7070	16246
34109	34109
34109	34108
16790	16790
18711	18711
4466	4466
4466	6043
4931	4931
4931	4912
4931	4911
4931	4305
50117	50117
50117	30100
6228	6228
6228	16295
6228	16284
5297	5297
5297	5341
51708	51708
51708	19798
51708	19671
51708	16463
51708	19870
51708	4349
51708	50211
51708	51707
51708	19641
51708	4171
34443	34443
36294	36294
15622	15622
51605	51605
51605	51090
51605	51604
51605	51603
27093	27093
27107	27107
6358	6358
6358	34013
6358	19849
18782	18782
34449	34449
26615	26615
26615	25696
26615	10016
26615	25698
26615	16367
26615	25697
26615	16393
26615	16394
30695	30695
30695	30785
5204	5204
5204	4878
5390	5390
5390	4802
25274	25274
25274	19342
6786	6786
6786	6090
25379	25379
19439	19439
19439	19444
19439	19436
19980	19980
19980	19981
19980	27996
15315	15315
15281	15281
11150	11150
17998	17998
27606	27606
6874	6874
6874	15398
6874	16363
6874	34636
50711	50711
50766	50766
4217	4217
51074	51074
5408	5408
7246	7246
30000	30000
30000	25061
30000	25062
19605	19605
5928	5928
30194	30194
19672	19672
19672	15551
19672	11095
19672	4790
28098	28098
18993	18993
27236	27236
27241	27241
27241	16016
27241	27298
18550	18550
18550	16071
18550	28116
18550	16076
18550	16078
18550	50527
18550	16075
18550	27047
18550	16077
18550	26998
18550	16080
18550	50528
18550	5713
18550	16079
16445	16445
16445	26554
6113	6113
26909	26909
15519	15519
26553	26553
15943	15943
51433	51433
51433	51429
51433	51428
51433	19667
30910	30910
26804	26804
17320	17320
34675	34675
15839	15839
25925	25925
4757	4757
25828	25828
18977	18977
18977	18228
25405	25405
18900	18900
16981	16981
16981	6513
16981	50337
26974	26974
17250	17250
15564	15564
15564	4151
15513	15513
15469	15469
15469	16613
15469	50516
15469	15618
51534	51534
15844	15844
4367	4367
4367	4773
4367	4076
16091	16091
6809	6809
50782	50782
6973	6973
6973	6974
30170	30170
5596	5596
17783	17783
34335	34335
15123	15123
5955	5955
28106	28106
28106	27949
19678	19678
28092	28092
28092	25630
11388	11388
11388	15732
11388	18095
11388	11389
11388	15348
26064	26064
15784	15784
36332	36332
17124	17124
17153	17153
36345	36345
34471	34471
34471	34472
34471	26952
34471	4102
34471	27043
17029	17029
4879	4879
4879	34379
4879	19624
50028	50028
50028	34132
50028	30090
50028	19512
50028	19515
50028	34133
50028	30349
50028	19514
50028	15605
50028	19513
50028	30503
4454	4454
25706	25706
11186	11186
11065	11065
5701	5701
19498	19498
18364	18364
27578	27578
27922	27922
27922	50481
27922	50479
27922	50480
18313	18313
27596	27596
19851	19851
5606	5606
7132	7132
7132	30970
7132	27189
7132	17651
7132	17612
34146	34146
5792	5792
5792	15237
5792	15244
5792	15236
5792	27195
34131	34131
15327	15327
19506	19506
16398	16398
4019	4019
4019	19236
4019	4922
4019	5858
25231	25231
25231	27563
18214	18214
18380	18380
27408	27408
27408	4386
27408	7106
27408	7272
51730	51730
11428	11428
51747	51747
36338	36338
34598	34598
34576	34576
19136	19136
19136	19474
19136	19137
19136	5991
11525	11525
11525	26026
18729	18729
18729	26004
18729	18600
27135	27135
6289	6289
4429	4429
50158	50158
4909	4909
4909	19491
16731	16731
6267	6267
18624	18624
18653	18653
6210	6210
16746	16746
27038	27038
6384	6384
19988	19988
30243	30243
30243	6225
17909	17909
17909	19952
17909	18647
17909	18777
19431	19431
7072	7072
7072	5131
7072	30307
7072	6754
7072	11191
7072	10061
7072	10088
7072	10066
7072	19466
7072	11206
7072	10029
7072	18516
7072	5696
7072	6060
7072	27338
7072	25077
7072	11198
7072	5762
7072	11202
7072	11574
7072	6193
7072	34688
7072	19418
7072	10259
7072	27204
7072	34190
7072	4516
7072	4124
7072	5697
7072	10242
7072	6927
7072	11207
7072	6091
7072	17373
7072	11189
7072	6933
7072	10109
7072	4123
7072	6452
7072	16515
7072	10064
7072	11204
7072	34689
7072	11199
7072	6092
7072	5937
7072	11575
7072	17942
7072	11210
7072	27198
7072	27645
7072	10100
15210	15210
17524	17524
17804	17804
27548	27548
27548	27743
27548	27742
4023	4023
4023	34430
4023	18126
4023	6804
4023	5397
4023	19769
4023	6680
4023	5656
4023	6805
6717	6717
25371	25371
50908	50908
27868	27868
25292	25292
17163	17163
17163	17162
30604	30604
30604	15426
5376	5376
19195	19195
51793	51793
26684	26684
5398	5398
5398	5668
51607	51607
11568	11568
11568	11567
16792	16792
16792	16816
10300	10300
6350	6350
50115	50115
27196	27196
18669	18669
18669	18342
26617	26617
26617	51645
17169	17169
17169	4110
17169	17936
19106	19106
15750	15750
27091	27091
4843	4843
4843	5004
4834	4834
18719	18719
18719	15552
18719	16259
18719	16162
18719	26624
18719	16159
18719	36165
18719	16158
10270	10270
16776	16776
18663	18663
18663	27427
18663	5712
18663	7115
31011	31011
34095	34095
34095	17475
34095	6002
34101	34101
7102	7102
7102	5561
25395	25395
18329	18329
18253	18253
6784	6784
6784	27647
6784	6788
6784	27648
27438	27438
4153	4153
4153	5363
4153	4033
4153	26645
4153	4034
27815	27815
27815	27827
27815	27816
27815	27777
6059	6059
50366	50366
10009	10009
25532	25532
16922	16922
27206	27206
10104	10104
10090	10090
16402	16402
5008	5008
5008	5009
17389	17389
51474	51474
15529	15529
19272	19272
17284	17284
17284	5078
25175	25175
6844	6844
6844	34560
6564	6564
6949	6949
16045	16045
16045	16032
16045	16031
51033	51033
28031	28031
15063	15063
7395	7395
11251	11251
34202	34202
34202	34216
15180	15180
11226	11226
11226	11200
30030	30030
19635	19635
17720	17720
25108	25108
6943	6943
6943	7184
6943	5094
6519	6519
30137	30137
19732	19732
17627	17627
17627	4453
5868	5868
17650	17650
5912	5912
5912	5221
5912	5907
5886	5886
5548	5548
5548	34032
5548	5550
5548	5549
5548	34031
5548	5379
5548	34033
5548	34295
10074	10074
16928	16928
16928	18994
16928	17066
27398	27398
27398	27399
50216	50216
27301	27301
27376	27376
18489	18489
18489	18487
18947	18947
25818	25818
25818	25817
36001	36001
30493	30493
19302	19302
30570	30570
5178	5178
34638	34638
34638	6546
30850	30850
51504	51504
25704	25704
10248	10248
10248	5036
10248	4248
10248	11158
10248	51311
4901	4901
25773	25773
11420	11420
11420	11419
19033	19033
5333	5333
11457	11457
26722	26722
19149	19149
19149	19148
19149	19023
15768	15768
15768	15767
16273	16273
50517	50517
50517	16008
6628	6628
19403	19403
19859	19859
34043	34043
34043	34425
34139	34139
34139	19752
5679	5679
5679	5772
26312	26312
6758	6758
16279	16279
50410	50410
4082	4082
27850	27850
16374	16374
16374	16375
19824	19824
19824	26331
30376	30376
30376	30377
30376	30009
30376	30318
30376	30011
7130	7130
11160	11160
17585	17585
11117	11117
30295	30295
19490	19490
15325	15325
15325	18349
7147	7147
7147	7396
30301	30301
30301	26907
30301	25976
30301	30504
4992	4992
25674	25674
4871	4871
6265	6265
6265	17411
6212	6212
26625	26625
26625	10313
34479	34479
26652	26652
26652	15669
26652	5778
26652	10249
26652	10311
26652	10278
26652	10039
26652	11089
26652	10251
26652	10314
26652	26651
26652	10114
26652	51419
26652	10255
26652	10317
26728	26728
26728	26826
26728	27788
26728	26831
26728	26828
26728	27750
26728	50090
26728	27790
26728	26827
26728	27789
26728	26823
26728	27751
26728	26829
26728	51494
26728	26830
5234	5234
17021	17021
19134	19134
34497	34497
34497	1634
34497	15663
34497	50750
34497	26682
34497	6104
34497	5893
34497	6332
34497	5287
34497	4851
34497	4270
34497	25880
34497	34496
34497	18877
34497	19238
34497	27692
34497	26681
34497	27530
34497	30063
34497	25897
34497	30156
34497	34263
34497	547
34497	36179
34497	4056
34497	16862
34497	34608
34497	4284
34497	4310
34497	6689
34497	30196
34497	5286
34497	5480
34497	25871
34497	6023
34497	26760
34497	26683
34497	15623
34497	30195
34497	5896
34497	6707
34497	34521
34497	25120
34497	5353
34497	30062
34497	34161
34497	34262
34497	15197
34497	25896
34497	25878
34497	5770
34497	6081
34497	6687
34497	36005
15681	15681
30178	30178
5570	5570
19607	19607
17686	17686
34247	34247
34247	34248
5493	5493
30075	30075
50713	50713
4318	4318
50687	50687
4215	4215
27709	27709
27709	27543
6556	6556
18115	18115
18115	36162
34699	34699
34699	34720
34699	34716
34699	34802
34699	34773
26551	26551
26551	51332
26551	27599
26551	5700
30912	30912
30912	30911
26992	26992
26992	26993
34600	34600
30445	30445
30445	25401
17355	17355
36143	36143
16910	16910
6188	6188
6188	17553
27339	27339
18908	18908
15566	15566
5030	5030
34693	34693
34693	34007
19330	19330
15846	15846
15846	15850
10031	10031
16537	16537
16537	4983
16537	17260
16537	15121
18455	18455
18455	18431
6016	6016
4722	4722
10046	10046
50329	50329
18896	18896
30172	30172
30172	34039
30172	27086
5594	5594
11364	11364
11364	36445
17615	17615
17615	34450
28104	28104
28104	27969
11269	11269
30008	30008
30008	4498
30008	4781
30008	4559
30008	4600
19799	19799
19799	4680
6451	6451
16093	16093
27774	27774
25040	25040
6971	6971
25037	25037
34112	34112
34112	34490
34112	34477
15290	15290
11136	11136
11136	11137
11136	11139
11136	11135
11136	11138
11141	11141
17447	17447
17447	16840
17447	5995
17447	5996
17447	4340
17989	17989
51354	51354
34068	34068
34068	25434
34068	34067
50966	50966
25368	25368
27526	27526
27526	26833
6779	6779
6779	6629
25265	25265
50446	50446
34522	34522
17000	17000
5262	5262
26709	26709
26709	16101
26709	34643
26709	15769
26709	25036
26709	11262
26709	30197
26709	25825
26709	27466
26709	11261
26709	16355
26709	5658
26709	5500
26709	19811
26709	7223
26709	27467
34555	34555
34555	34556
10263	10263
50098	50098
18607	18607
6244	6244
25758	25758
25758	19990
16686	16686
6349	6349
51780	51780
26703	26703
26703	34698
34452	34452
7426	7426
5312	5312
5312	5294
19012	19012
11595	11595
16718	16718
16718	27747
16718	16717
16718	17306
16718	4701
16718	5898
16718	4224
16718	16716
16718	4086
10269	10269
10269	11402
4957	4957
16781	16781
16781	11490
16781	11495
16781	11013
6334	6334
6334	28037
6334	5863
6334	19241
6334	27734
6334	7021
6334	17818
6334	19240
6334	26047
6334	18278
6334	16925
6334	28038
6334	27732
6334	27738
6334	27531
6334	16406
16662	16662
7182	7182
15203	15203
27998	27998
27998	27999
27998	28000
27895	27895
27895	25792
50391	50391
50391	34534
50205	50205
50308	50308
50308	50300
10067	10067
25971	25971
18474	18474
6040	6040
16516	16516
30834	30834
15810	15810
19285	19285
19285	30963
19285	4994
19285	19274
19285	4174
19285	4232
19285	4401
19285	6841
19285	30529
19285	17881
19285	25879
19285	18571
19285	4739
19285	30967
19285	18323
19285	30774
19285	30965
19285	5722
19285	6820
19285	5992
19285	6918
19285	5386
19285	31005
19285	30072
19285	30962
19285	30968
19285	25344
19285	6789
19285	5738
19285	30966
19285	30308
19285	25875
19285	5975
19285	11440
19285	30288
19285	31006
19285	5707
19285	30071
19285	5071
30480	30480
17390	17390
36186	36186
36186	36187
19311	19311
15530	15530
5066	5066
5066	6909
17204	17204
17204	17939
26957	26957
15547	15547
34751	34751
6950	6950
25016	25016
25016	18092
25016	17822
25016	6116
25016	25020
25182	25182
25182	25183
4249	4249
4249	27131
27755	27755
27755	27753
27755	27754
6407	6407
4333	4333
18044	18044
18044	15741
5901	5901
17739	17739
17739	17737
11248	11248
5976	5976
5976	30034
26030	26030
26030	26029
5998	5998
5456	5456
17634	17634
17634	17419
15094	15094
7281	7281
11345	11345
34361	34361
30153	30153
30153	26634
16021	16021
6577	6577
6500	6500
6500	11203
25166	25166
4339	4339
4339	4345
27625	27625
15070	15070
15070	18798
15070	15071
15070	18799
11235	11235
5871	5871
34288	34288
34288	34289
34288	34293
34288	34282
34288	5147
11338	11338
18504	18504
27215	27215
27381	27381
27381	27851
27381	25267
34656	34656
17374	17374
17374	15557
26850	26850
15440	15440
19216	19216
5161	5161
36115	36115
36115	4963
36115	10215
36115	36114
36115	19488
36115	19258
36115	25864
36115	50021
36115	34433
36115	26698
36115	6530
36115	30858
36115	34434
36115	25349
36115	10214
36115	19483
36115	19259
36115	7365
36115	17715
36115	51198
36115	6262
36115	30857
36115	25866
36115	6086
36115	27930
36115	19487
36115	34432
51410	51410
30944	30944
18635	18635
25689	25689
6201	6201
6201	4109
27029	27029
15242	15242
15242	25834
15242	18448
5680	5680
5680	19507
17598	17598
17598	7209
17821	17821
17821	17205
17821	11019
5619	5619
5619	17008
5619	6051
5619	15941
5619	28052
6745	6745
18306	18306
18306	18307
16387	16387
18292	18292
25259	25259
27583	27583
15248	15248
15248	15250
15248	15706
51315	51315
51315	51314
19833	19833
19833	19832
51362	51362
34153	34153
34153	50443
34153	36426
11177	11177
15332	15332
15332	15355
34124	34124
50470	50470
4198	4198
4198	15646
50593	50593
6738	6738
18201	18201
6635	6635
27847	27847
19059	19059
19059	30037
15775	15775
11530	11530
36220	36220
36220	36221
34514	34514
34480	34480
30726	30726
30726	18110
16629	16629
16629	16240
16629	15950
16629	4668
4985	4985
18631	18631
18631	18630
31034	31034
31034	27400
6816	6816
6816	25147
6536	6536
6536	6539
6536	5467
30118	30118
30118	50762
30118	50761
30118	15928
30118	50763
30118	6597
5847	5847
28014	28014
28014	51521
51016	51016
51016	51015
5589	5589
30181	30181
34227	34227
34227	34229
11397	11397
5567	5567
15046	15046
7224	7224
5484	5484
5484	5826
11274	11274
16907	16907
16907	25121
16893	16893
16893	6248
16893	11569
16893	6612
16893	2410
16893	15945
18986	18986
25560	25560
25560	18592
16450	16450
10121	10121
27359	27359
27359	18119
27359	4122
27359	6197
27359	6581
27359	7036
27359	50126
27359	27345
27359	11318
27359	15710
27359	30437
27359	5925
27359	5867
27359	4889
27359	4145
27359	26955
27359	15349
27359	3433
27359	16641
27359	7035
27359	11356
27359	11214
27359	30438
27359	34211
27359	27327
27359	10122
27359	11299
27359	18748
27359	27362
27359	6456
27359	18054
27359	11284
27359	5923
27359	11217
27359	15351
27359	6854
27359	26954
27359	5388
27359	5651
27359	11194
27359	11193
27359	25354
27359	5223
27359	4888
27359	6777
27359	10063
27359	6261
27359	30436
27359	11228
25837	25837
25837	6592
25837	6593
25837	15540
15956	15956
17238	17238
30528	30528
30528	6233
15921	15921
15921	18319
15401	15401
15401	7381
30425	30425
30425	50261
30425	30426
19220	19220
15595	15595
34617	34617
34617	16998
34617	18735
15476	15476
15476	7225
4742	4742
4742	4588
18435	18435
6195	6195
6195	6196
6001	6001
16557	16557
4735	4735
16800	16800
16800	16799
16800	16166
16800	16798
27324	27324
27324	25740
27324	27322
27324	27323
25410	25410
30555	30555
26961	26961
26916	26916
30802	30802
30875	30875
16084	16084
6446	6446
6431	6431
6885	6885
27763	27763
27763	27764
6911	6911
6911	16558
27714	27714
19760	19760
19760	34552
7323	7323
7323	15645
7323	17513
7323	7317
7323	4116
7323	7188
7323	7318
7323	4115
7323	15666
7323	7316
11290	11290
28087	28087
51111	51111
7259	7259
50448	50448
18334	18334
27905	27905
27905	27903
16221	16221
27972	27972
27528	27528
11042	11042
11042	16066
19451	19451
19426	19426
34185	34185
15207	15207
17864	17864
17864	16103
51257	51257
50078	50078
6330	6330
6330	6336
18773	18773
18773	18772
25756	25756
25756	25355
25756	27082
25756	18741
25756	30770
27062	27062
50102	50102
25721	25721
34421	34421
18779	18779
50108	50108
4959	4959
6240	6240
17109	17109
17109	18152
51717	51717
36368	36368
30763	30763
27978	27978
27978	30769
25382	25382
6793	6793
6607	6607
27458	27458
27458	27830
19876	19876
19801	19801
19801	17286
11132	11132
34082	34082
7162	7162
17434	17434
17434	15314
5621	5621
19556	19556
7081	7081
7081	28134
7081	11083
26574	26574
26574	25602
51943	51943
30583	30583
36085	36085
30417	30417
5165	5165
27266	27266
16942	16942
18599	18599
18599	16439
18599	18604
25552	25552
50371	50371
10069	10069
10069	6718
10069	17206
10069	5968
27211	27211
16935	16935
4677	4677
18494	18494
10113	10113
25991	25991
2371	2371
2371	2060
2371	6254
2371	4972
4794	4794
4794	4795
10164	10164
10164	15593
16838	16838
25428	25428
25428	25970
27288	27288
27288	5685
15179	15179
15179	4720
28026	28026
34318	34318
5458	5458
5458	5191
11246	11246
34381	34381
30027	30027
30027	15316
30027	17511
30027	4995
11231	11231
50741	50741
50736	50736
6853	6853
18130	18130
16052	16052
25018	25018
34286	34286
34286	34175
30157	30157
30157	30158
19628	19628
28121	28121
18037	18037
18037	17701
25168	25168
16058	16058
5181	5181
26509	26509
36061	36061
26953	26953
17277	17277
15863	15863
51513	51513
51513	51514
50298	50298
6033	6033
25975	25975
16948	16948
18927	18927
18927	18928
18927	18929
16832	16832
16468	16468
16468	25848
16845	16845
15766	15766
36244	36244
34493	34493
16737	16737
18622	18622
18622	18623
4978	4978
4996	4996
25793	25793
25793	4317
34140	34140
34140	19232
7134	7134
17935	17935
30208	30208
30208	30207
30208	30210
27479	27479
18386	18386
4165	4165
4165	4160
50934	50934
6626	6626
16370	16370
50414	50414
50414	51094
50414	27518
50414	4969
50414	26936
50414	18837
50414	27519
50414	4580
50414	50808
50414	31020
50414	16586
50414	26937
27497	27497
27497	30471
19927	19927
19927	27158
19927	25132
19927	30043
34030	34030
17512	17512
11180	11180
11180	11196
11180	11185
11180	11184
34047	34047
16299	16299
27473	27473
27473	51324
16277	16277
50469	50469
26726	26726
26726	50304
26726	27087
26726	27540
15616	15616
15616	15615
19037	19037
15782	15782
15782	6046
15782	7087
15782	34167
15782	6725
36334	36334
17155	17155
15661	15661
25700	25700
18628	18628
18628	6141
18628	30977
18628	25832
18628	6310
18628	7310
18628	27620
18628	27217
18628	25341
18628	27159
18628	15505
18628	15922
18628	27218
18628	2208
18628	27265
18628	19432
18628	18312
18628	27033
18628	12014
4425	4425
4425	4426
6311	6311
6285	6285
6285	26880
6285	17332
6366	6366
6558	6558
6558	6559
27707	27707
16097	16097
6455	6455
6455	6504
50689	50689
4282	4282
51096	51096
5953	5953
5953	4698
5953	5954
28100	28100
51102	51102
51102	6259
17688	17688
30176	30176
19773	19773
19773	51092
19773	19774
5404	5404
5404	6142
15152	15152
17611	17611
17611	17809
17611	17420
30101	30101
34333	34333
10138	10138
10138	10139
25474	25474
25597	25597
27337	27337
27337	27336
27337	27320
25403	25403
18906	18906
25923	25923
10035	10035
10042	10042
16544	16544
30985	30985
19239	19239
30866	30866
19343	19343
15938	15938
36037	36037
30531	30531
30531	27663
25853	25853
4621	4621
10048	10048
10048	11259
10048	10338
10048	11173
25490	25490
19233	19233
19233	4437
19233	15007
19233	19234
19244	19244
15465	15465
34709	34709
5049	5049
15568	15568
15932	15932
50683	50683
50683	51831
25134	25134
27677	27677
34234	34234
34234	27623
34234	27624
30192	30192
19674	19674
15055	15055
34243	34243
5497	5497
5854	5854
6780	6780
18220	18220
18220	18219
18220	18223
50906	50906
50906	27618
50906	27475
27811	27811
27811	27090
27811	27503
16335	16335
16335	16378
50426	50426
50426	4675
50426	27894
50426	15939
50426	5032
50426	5365
50426	50403
50426	19398
50426	50398
50426	4829
50451	50451
16238	16238
16238	15762
51239	51239
51239	11548
51239	25367
11156	11156
11156	27821
11156	34142
11156	50620
11156	11220
11156	19749
11156	16509
11156	11154
11156	51336
11156	27819
11156	27326
11156	51384
11156	11233
11156	16353
11156	34384
11156	34317
11156	11178
11156	11153
11156	30332
11156	27814
11156	18662
11156	10301
11156	4251
11156	19955
11156	6280
11156	5498
11156	51093
11156	26870
11156	27708
11156	10337
11156	34141
11156	27601
11156	28071
11156	27177
11156	51342
11156	18832
11156	17368
11156	51363
11156	5461
11156	27325
11156	10211
11156	27119
11156	6331
11156	11404
11156	16053
11156	6855
11156	17912
11156	5310
11156	11597
11156	50543
11156	7014
11156	4860
11156	11224
11156	4252
11156	10195
11156	10302
11156	10272
11156	27817
11156	30331
11156	26328
11156	15129
11156	5402
11156	11285
11156	11081
11156	10240
11156	34748
11156	16643
11156	10136
11156	34707
11156	30684
11156	5318
11156	11498
11156	18403
11156	11242
11156	7129
11156	11179
11156	5212
11156	11213
11156	50680
11156	11219
11156	27820
11156	34143
11156	51372
11156	10245
11156	25196
11156	16958
11156	27818
11156	27108
11156	11155
11156	10194
11156	16141
11156	11225
11156	19172
11156	50082
11156	16444
11156	10241
11156	6503
11156	17913
11156	19684
11156	30388
11156	51368
11156	16219
11156	25467
11156	28069
11156	11209
11156	27165
11156	5288
11156	5211
11156	27522
11156	50915
11156	17740
11156	25081
11156	34570
11156	5794
11156	5693
11156	28070
11156	18327
11156	6057
11156	5961
11156	11222
34172	34172
34172	19366
51343	51343
51343	51344
51334	51334
51334	15274
6224	6224
16772	16772
16772	16773
16691	16691
31015	31015
31015	31013
17017	17017
11485	11485
15723	15723
15723	50334
34535	34535
34535	34540
34535	10049
34535	25493
34535	34541
34535	4726
11511	11511
5202	5202
5202	7167
26664	26664
25745	25745
27071	27071
27071	17594
27071	16189
50166	50166
27192	27192
27192	30845
27192	15202
27192	19852
27192	27472
27192	30734
27192	25554
27192	30825
27192	30906
27192	18479
27192	19854
27192	30694
27192	26635
27192	30735
25732	25732
18717	18717
4460	4460
4583	4583
50188	50188
16675	16675
18760	18760
18760	18759
18760	18756
5208	5208
5208	18267
5208	5209
30677	30677
30677	16144
25278	25278
6713	6713
19818	19818
19818	19819
15263	15263
30247	30247
5742	5742
15870	15870
15993	15993
15993	15994
15807	15807
15550	15550
27305	27305
4619	4619
16576	16576
10070	10070
10070	10085
10070	18698
10070	30469
10070	18118
27208	27208
5882	5882
28132	28132
28132	4230
7375	7375
7375	15164
7302	7302
34376	34376
16146	16146
25098	25098
16131	16131
16131	15506
4353	4353
28138	28138
28138	27498
28138	51237
28138	28136
11255	11255
19646	19646
5888	5888
5888	5887
5866	5866
5866	5602
15089	15089
28042	28042
28042	30824
18123	18123
4254	4254
4254	4256
6517	6517
6517	5105
4223	4223
18154	18154
18154	19151
6483	6483
6483	6481
6483	5813
6483	11011
6483	6482
6483	7069
6483	17668
6483	15461
6483	6480
6483	7068
6483	6811
50725	50725
6840	6840
17363	17363
15457	15457
26589	26589
36175	36175
17280	17280
36096	36096
36096	36007
36096	26775
36096	50142
36096	25299
36096	36000
36096	25576
36096	50128
36096	6304
36096	6801
36096	25577
36096	15194
36096	36006
36096	36008
36096	27573
36096	36011
36096	50949
36096	11267
17314	17314
5198	5198
15894	15894
15894	15895
15977	15977
15977	18151
25816	25816
25816	25961
4664	4664
18949	18949
50218	50218
16471	16471
50362	50362
50362	50360
50362	50328
50362	34344
27396	27396
27396	30404
16926	16926
16926	16424
6395	6395
4981	4981
18738	18738
6298	6298
4438	4438
30755	30755
5227	5227
5250	5250
30722	30722
30722	34539
30722	30861
11534	11534
11534	15584
26636	26636
26636	16876
26636	26949
51756	51756
26641	26641
36329	36329
34589	34589
27834	27834
6646	6646
16389	16389
15341	15341
34120	34120
11090	11090
15336	15336
15336	15340
30312	30312
30312	27269
19517	19517
17922	17922
17578	17578
17578	17579
17578	19907
17578	7249
7059	7059
19840	19840
19840	19841
11009	11009
27413	27413
25327	25327
25350	25350
25350	17357
27464	27464
18375	18375
18375	15335
16217	16217
16217	16218
5789	5789
7053	7053
7053	18758
34050	34050
5710	5710
27023	27023
27023	27024
25760	25760
6292	6292
4445	4445
18732	18732
17038	17038
11549	11549
5357	5357
5357	16006
34460	34460
34460	34618
26002	26002
26002	26003
51115	51115
51081	51081
5849	5849
51018	51018
51018	51019
19687	19687
11294	11294
7350	7350
7350	7349
17606	17606
17606	11092
27767	27767
18098	18098
6881	6881
6881	6880
27684	27684
27684	30042
27684	34005
27684	7229
6538	6538
50793	50793
25024	25024
16163	16163
16163	30659
16163	17827
15478	15478
15822	15822
30871	30871
30871	30870
30871	31014
30871	31016
15855	15855
5159	5159
30551	30551
26965	26965
26965	50122
15958	15958
25839	25839
18966	18966
18966	25969
6072	6072
18988	18988
6005	6005
6005	30623
6005	30571
4731	4731
4731	34708
10055	10055
34613	34613
51902	51902
15828	15828
51878	51878
4636	4636
10125	10125
16897	16897
16897	5684
27250	27250
27250	27251
17695	17695
11270	11270
30066	30066
28089	28089
7220	7220
19719	19719
51186	51186
16064	16064
50799	50799
25059	25059
25059	10054
25059	25078
6986	6986
6986	10318
50777	50777
6812	6812
15135	15135
15135	4913
15135	27912
15135	51882
15135	27911
15135	50542
15135	15136
15135	51881
28084	28084
28110	28110
28110	50389
4306	4306
4306	4128
16164	16164
16164	26919
16164	51296
25023	25023
27717	27717
27717	27716
27717	51582
27717	51576
27717	27715
27717	51581
27717	51571
27717	51579
27717	51573
27717	51567
27717	51569
27717	51580
27717	51577
50794	50794
50794	18421
50794	18815
16069	16069
36027	36027
19324	19324
19324	18904
19324	17713
19324	19788
19324	16260
19324	18001
19324	19323
19324	15038
19324	19787
19324	27690
19324	6923
19324	6902
17246	17246
30556	30556
51522	51522
34669	34669
15825	15825
15825	15079
5129	5129
30995	30995
25944	25944
10025	10025
10025	10026
2247	2247
18882	18882
16997	16997
25587	25587
25587	4708
25587	6408
25587	4710
25587	4709
25587	6276
25587	6445
25587	6275
25587	6409
25587	4707
18961	18961
34719	34719
26545	26545
26545	26544
34663	34663
15475	15475
10058	10058
10058	18485
10058	19736
6008	6008
6008	6007
16890	16890
6172	6172
5844	5844
5844	15678
51062	51062
5513	5513
5513	4965
7227	7227
7227	16113
30061	30061
19613	19613
15032	15032
5564	5564
27667	27667
18198	18198
16119	16119
16119	17479
27784	27784
27784	27783
50707	50707
6542	6542
4395	4395
18176	18176
18176	18177
50034	50034
50139	50139
10256	10256
10256	11087
31040	31040
6271	6271
26646	26646
26646	27682
26646	27631
26646	27632
7419	7419
17035	17035
17035	16649
17042	17042
30752	30752
30752	30903
50473	50473
50473	18200
50473	15801
50473	4421
50473	18849
27844	27844
50953	50953
50953	51080
50509	50509
50509	18678
50509	51057
16283	16283
16283	16272
16317	16317
27833	27833
27833	4264
27833	30326
27833	4106
19589	19589
17952	17952
51282	51282
51316	51316
19830	19830
17405	17405
34127	34127
34127	34126
17828	17828
7124	7124
5610	5610
27934	27934
6746	6746
16384	16384
6731	6731
50574	50574
27839	27839
27580	27580
51288	51288
17958	17958
17958	17955
19417	19417
19417	28102
19417	28103
7054	7054
7054	15702
51211	51211
4818	4818
6376	6376
25789	25789
25789	6179
25789	5518
25789	4864
25789	25691
25789	6180
25789	16099
25789	5519
25789	4865
25789	5276
6295	6295
17145	17145
17145	17484
17145	10292
17145	19228
17145	10281
17145	4141
17145	51516
17145	10295
17145	10047
17145	25142
17145	4121
17145	4358
17145	16577
17145	27582
17145	17147
17145	10285
17145	7203
17145	10296
17145	26650
17145	31056
17145	10294
17145	4357
17145	18805
17145	10287
17145	16252
17145	25849
17145	19600
17145	4368
17145	26995
17145	5349
17145	10293
17145	18714
17145	18944
17145	10297
17145	25133
17145	31057
17145	10284
17145	19227
17145	10283
17145	10289
17145	10290
17145	4359
15792	15792
15792	16959
15792	16930
15792	7061
15792	16932
17048	17048
25895	25895
6047	6047
6047	6055
18404	18404
10060	10060
16588	16588
30513	30513
19282	19282
19282	25046
19282	6733
19282	6734
19282	6735
19282	6732
30487	30487
30487	30488
15817	15817
15817	18657
15817	4449
15817	4199
15817	27120
30844	30844
50748	50748
50748	34546
27628	27628
25088	25088
25088	25803
16156	16156
4334	4334
4334	27595
4334	51010
4334	5748
4334	16348
25066	25066
4239	4239
27725	27725
6957	6957
19751	19751
30154	30154
30154	25530
15170	15170
15170	16395
7312	7312
7312	17065
7312	26806
7312	10264
7312	18185
7286	7286
7286	11442
7286	18204
7286	6783
1663	1663
15093	15093
15093	17717
15093	15091
15093	6588
15093	6587
17633	17633
34285	34285
5971	5971
5971	6800
5971	30959
7268	7268
7268	4380
7268	19443
6850	6850
16051	16051
16051	16154
432	432
6570	6570
17639	17639
30129	30129
11348	11348
28025	28025
17734	17734
30024	30024
19621	19621
11232	11232
34261	34261
5521	5521
5521	5520
18823	18823
18574	18574
18574	18575
25806	25806
6140	6140
6140	15607
4674	4674
25992	25992
18497	18497
17209	17209
17209	27392
17209	6229
51583	51583
36112	36112
5166	5166
5166	15486
19211	19211
19211	7399
19211	5948
19211	19210
19211	5117
19211	5949
19211	7400
19211	17963
19211	19212
19211	51072
15447	15447
15447	15756
15447	15758
5085	5085
5085	5084
5085	5698
5085	16710
5085	15087
5085	5053
5085	4915
17917	17917
5758	5758
5758	5270
51353	51353
34018	34018
30350	30350
19555	19555
5622	5622
5622	4817
25381	25381
27521	27521
27521	26838
27521	26832
27521	27122
27521	27520
27521	26814
27521	50903
27521	26835
27521	15680
27521	27121
27521	50913
27521	26836
27521	19046
27521	19224
27521	19223
27521	26837
27521	5474
27521	26847
27801	27801
27801	27997
50916	50916
27995	27995
27995	27994
16352	16352
15744	15744
17070	17070
17007	17007
17007	17006
15733	15733
15733	17402
15733	11297
36385	36385
36385	36288
11501	11501
4857	4857
6339	6339
6339	6515
10213	10213
10213	18954
18794	18794
16715	16715
16715	16738
27188	27188
6234	6234
6234	5557
25728	25728
25728	25727
51769	51769
51769	51768
51769	11271
51769	51770
19181	19181
5362	5362
5362	27893
11592	11592
30610	30610
30610	19654
15643	15643
17177	17177
17199	17199
5218	5218
5218	26611
5218	26608
5218	26644
5218	4575
5218	26609
5218	26610
5218	26597
6333	6333
4470	4470
6344	6344
18707	18707
27016	27016
4927	4927
6249	6249
6249	18517
6249	15158
7066	7066
17530	17530
51359	51359
11041	11041
11041	16937
17889	17889
19452	19452
19452	17254
19452	50485
19452	25702
19452	18255
19452	15721
19452	18786
19452	30348
19452	7226
19452	16118
19452	18917
19452	6913
19452	11108
19452	15347
19452	11102
19452	17275
19452	16253
19452	16285
19452	26863
19452	30993
19452	11398
19452	7109
19452	11116
19452	30290
19452	50838
19452	18785
19452	34439
19452	15998
19452	27203
19452	16147
19452	11101
19452	4304
19452	6884
19452	50963
19452	25459
19452	27355
19452	19938
19452	16262
19452	17268
19452	16774
19452	30537
19452	5241
19452	7191
19452	7108
19452	11562
19452	27636
19452	16390
19452	5499
19452	7085
19452	50738
19452	15199
19452	11104
19452	11197
19452	6442
19452	16879
19452	6912
19452	25464
19452	26986
19452	16267
19452	11190
19452	11109
19452	15836
19452	25703
19452	50484
19452	34149
19452	10103
19452	15974
19452	6514
19452	7075
19452	5631
19452	30334
19452	27205
19452	5308
19452	11561
19452	6972
19452	17685
19452	4908
19452	11114
19452	11187
19452	7266
19452	18477
19452	18673
19452	17242
19452	4302
19452	25763
19452	11107
19452	11100
19452	6308
19452	18812
19452	16520
19452	11113
19452	18016
19452	15028
19452	16109
19452	15269
19452	25195
19891	19891
19891	16628
19891	19977
5628	5628
50866	50866
50866	5987
50866	5788
50866	5327
50866	5306
16255	16255
12010	12010
12010	12011
25268	25268
25268	25270
4040	4040
27426	27426
27426	25426
50888	50888
25365	25365
25365	25364
15056	15056
19677	19677
11264	11264
28109	28109
28109	27592
28109	27591
28109	25441
28109	5275
17681	17681
7243	7243
7243	15036
5820	5820
19699	19699
18112	18112
6551	6551
4265	4265
18086	18086
27674	27674
50714	50714
50714	51834
50714	51833
27603	27603
27603	26697
17352	17352
17325	17325
15411	15411
34607	34607
20027	20027
10131	10131
18522	18522
25850	25850
25850	25868
4622	4622
18555	18555
50229	50229
25570	25570
18802	18802
27233	27233
16883	16883
16883	25448
16883	18012
51888	51888
30812	30812
30986	30986
17358	17358
36034	36034
51811	51811
51811	4100
51811	17880
51811	51812
26906	26906
16984	16984
16984	16982
16810	16810
27334	27334
27334	27333
6185	6185
6185	30309
27239	27239
27239	27242
27239	30456
6011	6011
6011	5843
4752	4752
10036	10036
10036	5300
51176	51176
17768	17768
30102	30102
15126	15126
11280	11280
36404	36404
34330	34330
36473	36473
36473	51441
19770	19770
25030	25030
25030	15683
18181	18181
6268	6268
4906	4906
25774	25774
50120	50120
50120	50119
16749	16749
16749	17343
18726	18726
6312	6312
6312	18466
6312	11311
6312	18467
6312	19971
6312	5522
26725	26725
26725	15802
26725	34549
26725	26774
26725	27489
26752	26752
26752	27184
19139	19139
15718	15718
5334	5334
5334	4649
5334	4311
17156	17156
36337	36337
11427	11427
16379	16379
27593	27593
50830	50830
17831	17831
17831	17830
17831	15627
26315	26315
51396	51396
30298	30298
30298	18916
17588	17588
15252	15252
5704	5704
19829	19829
19829	19828
11060	11060
11060	11425
11017	11017
30201	30201
6625	6625
6625	15599
50940	50940
18385	18385
18211	18211
4188	4188
27494	27494
27494	27495
27494	50686
18288	18288
17416	17416
17416	5627
15322	15322
19497	19497
19497	18046
19497	15097
7137	7137
5603	5603
5779	5779
18621	18621
18621	27666
18621	51255
18621	25159
18621	6044
25790	25790
50027	50027
27130	27130
27147	27147
34504	34504
30736	30736
30736	6594
30736	4898
30736	4579
5244	5244
5233	5233
51638	51638
51638	27267
26655	26655
26655	26654
4784	4784
10097	10097
10097	6152
10097	11320
16405	16405
16591	16591
6029	6029
6029	6030
4689	4689
4689	25029
50361	50361
27276	27276
18589	18589
17283	17283
36101	36101
19396	19396
15423	15423
51953	51953
51953	51957
26844	26844
34642	34642
30950	30950
30950	30926
26564	26564
26564	26871
51404	51404
51404	27539
51404	16376
51404	51403
51404	27541
51404	12032
30927	30927
6563	6563
6563	17076
6563	18533
6563	4944
6563	17077
6563	6075
6563	5350
6563	6722
6563	25243
6563	6460
6563	17074
6843	6843
6419	6419
50751	50751
6834	6834
19632	19632
11221	11221
11256	11256
11256	16908
11256	17805
11256	10112
11256	16899
30040	30040
15064	15064
28041	28041
28036	28036
28036	27886
25002	25002
6464	6464
4327	4327
4327	4214
4327	5099
34278	34278
51133	51133
51133	51510
28131	28131
26053	26053
11351	11351
6159	6159
25445	25445
25432	25432
27306	27306
27306	51827
16478	16478
25548	25548
4717	4717
10073	10073
15990	15990
15990	15991
26580	26580
51497	51497
34648	34648
51503	51503
30820	30820
30820	30819
51574	51574
51574	51575
51574	51572
51574	51578
51574	51568
51574	51570
17267	17267
15524	15524
30500	30500
30500	25543
30500	25544
30500	25542
30500	25541
51479	51479
30494	30494
11128	11128
15217	15217
17523	17523
17554	17554
5736	5736
4129	4129
27442	27442
27442	36176
18353	18353
18353	19992
27962	27962
27881	27881
16231	16231
16231	19669
17113	17113
19006	19006
19006	6147
34446	34446
34446	34448
27191	27191
27191	27185
4519	4519
50086	50086
4934	4934
4934	4048
16676	16676
4463	4463
16795	16795
4839	4839
26689	26689
17063	17063
17063	17062
17063	30605
17063	7032
17063	30606
17063	5075
17063	27240
15720	15720
15720	7339
34536	34536
19095	19095
19095	50523
19198	19198
16692	16692
18613	18613
18664	18664
18664	25851
18664	30809
18664	30808
18664	5555
6227	6227
6227	50539
10299	10299
4833	4833
25636	25636
11122	11122
7172	7172
51340	51340
15389	15389
15389	6867
27812	27812
16336	16336
50905	50905
50905	50904
50891	50891
50891	50890
50891	50889
18254	18254
18254	18636
12009	12009
25271	25271
25271	36181
25271	5298
25271	4953
27968	27968
27532	27532
27532	34385
27532	27857
30573	30573
30573	30574
15899	15899
17263	17263
17263	15687
17263	18850
36075	36075
36075	10013
17319	17319
17319	17318
25916	25916
16506	16506
16506	18331
16506	25688
16506	16805
16506	18821
16506	4989
16506	18263
16506	18216
16506	17203
16506	27061
16506	17235
16506	18820
16506	16856
16571	16571
27375	27375
27375	27374
18569	18569
18569	5754
18569	4766
18569	27193
18569	5939
18569	27793
18569	27162
18569	15481
18933	18933
18933	5010
11355	11355
7291	7291
28135	28135
5885	5885
4323	4323
4259	4259
34298	34298
5861	5861
28032	28032
17723	17723
17754	17754
4329	4329
4329	4236
6847	6847
6847	6603
27642	27642
27642	27641
6484	6484
18153	18153
18124	18124
18124	19317
15970	15970
15970	7084
15970	15971
15893	15893
51400	51400
30474	30474
5106	5106
4719	4719
16498	16498
27272	27272
18563	18563
18563	25010
18563	11229
18563	11192
18563	25007
18563	50977
18563	50976
6120	6120
25985	25985
10093	10093
10093	5678
10093	10094
16401	16401
6769	6769
25275	25275
25275	25276
27536	27536
25396	25396
25396	25079
27982	27982
27982	27983
4150	4150
18227	18227
16345	16345
16345	16344
6613	6613
17900	17900
19438	19438
17999	17999
7101	7101
7101	25666
7101	15132
7101	19404
7101	25664
30330	30330
15280	15280
15280	6709
34102	34102
6359	6359
6359	25508
6359	6453
16678	16678
50185	50185
27106	27106
27106	51472
27106	11329
27106	25905
27106	28048
4840	4840
4840	25629
4840	4152
4840	18686
4840	26999
4840	4193
4840	5720
4840	27000
4840	5746
4840	18687
4840	25628
4840	25357
4840	18133
4840	4350
4840	27001
4840	25353
4840	18683
4560	4560
16696	16696
16696	27341
10273	10273
6223	6223
34812	34812
26663	26663
26663	26662
30777	30777
30777	5251
30777	5042
30777	15215
30777	27986
30777	15110
30777	30316
30777	17245
30777	27985
26719	26719
26719	26720
34545	34545
34545	34544
11516	11516
34532	34532
11482	11482
11482	11477
11482	11480
11482	11484
11482	11479
11482	11474
11482	11483
11482	11481
11482	11476
11482	11475
11482	11478
19105	19105
27098	27098
27098	27097
25638	25638
16791	16791
10279	10279
31018	31018
18789	18789
19002	19002
30793	30793
30793	6146
30793	6144
34442	34442
34442	34475
34442	34537
34442	34180
34442	34179
34442	34181
51709	51709
34538	34538
19178	19178
6763	6763
18320	18320
27885	27885
25372	25372
5745	5745
5745	36070
5745	4602
5745	4131
5745	4807
5745	4809
5745	4803
5745	4810
5745	4804
5745	4806
5745	4130
5745	36071
5745	4805
5745	5802
5745	4808
30237	30237
34191	34191
34191	34629
34191	18371
30240	30240
17550	17550
15264	15264
15264	16265
17993	17993
15369	15369
25139	25139
18011	18011
16090	16090
50783	50783
4388	4388
27700	27700
27700	18438
27700	27699
30092	30092
30092	30093
30092	6438
34334	34334
11310	11310
17782	17782
17782	17781
30171	30171
5597	5597
5597	5172
11367	11367
5859	5859
34239	34239
51105	51105
51105	30943
26012	26012
19679	19679
6015	6015
6015	11212
4721	4721
6181	6181
10045	10045
10045	10044
16919	16919
16534	16534
25924	25924
25924	16256
27330	27330
25404	25404
25404	19003
25473	25473
16863	16863
26902	26902
26902	26903
5044	5044
5044	5943
26558	26558
34704	34704
17251	17251
17251	51515
34609	34609
15468	15468
19249	19249
15832	15832
50357	50357
16549	16549
16549	30725
16887	16887
16887	16888
16887	50643
16887	50640
16887	50642
6112	6112
19339	19339
15581	15581
17321	17321
15415	15415
6996	6996
6996	6998
27607	27607
27607	18807
6555	6555
16003	16003
4216	4216
50789	50789
50789	27446
50789	51683
18161	18161
18161	18561
5853	5853
51075	51075
51075	50698
51075	51028
51075	50702
51075	25748
51075	51023
51075	15814
51075	34249
19709	19709
11260	11260
17766	17766
5929	5929
36339	36339
34494	34494
34494	34495
15716	15716
15716	6390
15716	17249
17022	17022
34500	34500
15682	15682
5237	5237
30745	30745
30745	30744
4991	4991
27143	27143
6211	6211
6266	6266
6266	18299
7049	7049
17945	17945
17945	19253
17945	50130
17945	50129
51376	51376
30296	30296
30296	11532
17586	17586
7133	7133
51398	51398
30375	30375
5793	5793
27490	27490
18318	18318
16377	16377
18262	18262
18262	36341
18262	25643
18262	34550
18262	25397
18262	18261
18262	17148
18262	27683
18262	50353
18262	50972
18262	17131
4162	4162
50569	50569
50569	50568
17938	17938
19477	19477
17515	17515
34037	34037
34037	34515
30391	30391
30391	30686
30391	30389
30391	30390
30391	30271
30391	30599
30391	30603
30391	30687
30391	30600
17481	17481
5799	5799
17842	17842
19957	19957
17418	17418
27579	27579
27579	36014
27579	19904
27579	5616
27579	11587
27579	16690
27579	18864
27579	6601
27579	17918
27579	5225
27579	15628
27579	11560
27579	11558
27579	15575
27579	50787
27579	11557
27579	11080
27579	11559
27579	4670
27579	18801
27579	11588
4065	4065
27923	27923
6751	6751
6751	25886
6726	6726
27403	27403
27403	27160
27859	27859
27859	4022
27859	34308
18268	18268
18268	19633
18268	16590
18268	16191
11454	11454
36333	36333
11423	11423
17028	17028
15688	15688
15688	15039
18722	18722
6361	6361
4455	4455
16637	16637
16637	16638
16637	15567
16640	16640
25770	25770
50153	50153
4896	4896
4896	3440
4896	4083
4896	4472
50124	50124
5162	5162
30410	30410
34622	34622
34622	34621
15819	15819
17399	17399
26573	26573
26573	25632
19318	19318
15914	15914
6133	6133
16848	16848
16848	16818
25802	25802
10080	10080
18507	18507
18507	18508
16568	16568
11236	11236
11236	25304
11236	17620
11236	25301
11236	15512
30020	30020
19625	19625
17747	17747
15109	15109
15109	15509
28056	28056
51054	51054
5872	5872
5872	4407
5872	15128
18137	18137
18137	18548
25068	25068
25068	17855
26044	26044
34218	34218
34218	34219
5878	5878
34362	34362
11346	11346
11346	17247
11346	17237
51029	51029
19755	19755
34281	34281
34281	28016
34281	34383
34281	5605
34281	4671
34281	27967
34281	27965
34281	25968
34281	50811
34281	27040
34281	25590
34281	5490
34281	27687
34281	50812
34281	18281
34281	25272
34281	4417
34281	27961
6829	6829
18047	18047
6404	6404
25118	25118
25118	25119
6590	6590
6590	18488
6590	18486
34752	34752
5186	5186
5186	5185
26579	26579
17207	17207
17207	16934
17207	17429
17207	17031
26923	26923
5065	5065
5065	15059
36185	36185
50271	50271
6139	6139
50392	50392
16562	16562
6034	6034
18249	18249
25282	25282
4149	4149
4149	4073
4149	4074
4149	4566
4149	4154
4149	19703
4149	5337
6693	6693
50862	50862
50862	50864
50862	50863
50862	50861
16251	16251
4044	4044
18333	18333
18333	18321
27558	27558
19901	19901
11148	11148
7118	7118
11032	11032
11032	11033
11032	10041
5756	5756
5756	6182
17534	17534
34182	34182
5721	5721
34061	34061
7181	7181
7181	18668
7181	15834
7181	15812
7181	15841
4954	4954
50105	50105
27186	27186
18679	18679
18679	15843
18679	51870
18679	4895
18679	4147
18679	18680
18679	5076
18679	4296
18679	18442
18679	25033
18679	26802
18679	19915
6337	6337
6337	15587
6337	11258
6337	7165
4403	4403
16782	16782
6340	6340
6340	16442
19088	19088
17009	17009
5366	5366
17104	17104
11596	11596
11596	4444
11596	447
11596	5148
17090	17090
19066	19066
19066	19255
19066	26541
5311	5311
17173	17173
17173	34260
4573	4573
16711	16711
6247	6247
31001	31001
16685	16685
4929	4929
4929	30074
10260	10260
10260	11125
10260	11103
10260	11121
16766	16766
16766	11252
50075	50075
50075	36293
50075	50525
25656	25656
25656	26022
25656	25856
50196	50196
50002	50002
15740	15740
5382	5382
5382	4848
5382	4854
5261	5261
11491	11491
26607	26607
26793	26793
27991	27991
4143	4143
18339	18339
50445	50445
27525	27525
25385	25385
25385	36077
25385	4599
25385	27395
25385	36161
25385	4497
25385	36078
7086	7086
19551	19551
19551	27070
5626	5626
17444	17444
7112	7112
7112	7218
15370	15370
17433	17433
17433	26623
19526	19526
34111	34111
17549	17549
11038	11038
11038	6727
11038	15444
11038	5590
18091	18091
50679	50679
50679	50678
16067	16067
16089	16089
6866	6866
27614	27614
50697	50697
50697	50733
50697	50735
4308	4308
27780	27780
27780	27785
11273	11273
34257	34257
19660	19660
11390	11390
5560	5560
5560	26618
5560	15200
5560	6198
19783	19783
30186	30186
30186	34518
30186	30185
51011	51011
36419	36419
36419	50900
36419	50871
7359	7359
7359	19838
7359	16689
7359	7360
7359	19413
7359	19839
18535	18535
10126	10126
16999	16999
25567	25567
16977	16977
17345	17345
34610	34610
26982	26982
30422	30422
15406	15406
51421	51421
51421	51420
18912	18912
16807	16807
16807	16578
25417	25417
4648	4648
16870	16870
10056	10056
18432	18432
30525	30525
30525	19205
30908	30908
34760	34760
51871	51871
479	479
50790	50790
25027	25027
27713	27713
6916	6916
6916	19442
6882	6882
16160	16160
6436	6436
6441	6441
18196	18196
16083	16083
11279	11279
11279	17769
11279	6457
11279	18831
11279	30602
11279	27512
11279	27356
11279	50466
11279	30300
11279	51647
11279	50948
11279	50468
11279	11266
11279	6466
11279	27803
11279	27809
11279	10062
11279	16895
11279	18399
11279	15689
11279	30234
11279	26783
11279	50467
11279	11263
11279	19670
11279	27806
11279	36012
11279	36081
11279	16114
11279	50330
11279	16228
11279	30276
11279	34106
11279	36082
11279	25972
11279	17439
11279	17919
11279	11505
11279	27805
11279	11547
11279	27808
11279	27802
11279	10087
11279	18610
11279	30693
11279	5101
11279	30590
11279	4769
51116	51116
19710	19710
19710	11604
19710	27616
19710	15674
19710	11605
19710	28060
19710	15695
19710	10277
19710	18920
15131	15131
15131	6100
15131	7358
17672	17672
51625	51625
26745	26745
17141	17141
19054	19054
19054	5340
34463	34463
36320	36320
36320	28082
17136	17136
5354	5354
27057	27057
27057	27066
4885	4885
16729	16729
6208	6208
10258	10258
10258	11227
10258	11208
10322	10322
10322	10334
10322	6730
10322	15777
10322	10320
10322	15924
10322	36097
10322	30958
10322	10162
10322	10323
10322	10143
10322	10330
10322	10332
10322	10160
10322	10321
10322	15925
10322	10146
10322	10335
10322	10163
10322	10328
10322	10325
6291	6291
16653	16653
6305	6305
6305	6306
51381	51381
19569	19569
1995	1995
1995	1996
11099	11099
11099	11112
11077	11077
11077	27085
51318	51318
17571	17571
19464	19464
5764	5764
5764	16697
5764	7023
34024	34024
17492	17492
11000	11000
18398	18398
50507	50507
50507	50618
50507	51620
50507	18505
50507	34511
50507	50835
50507	50558
50507	50619
50507	51710
50507	6372
6638	6638
27584	27584
27584	50592
27584	27585
16380	16380
16263	16263
18376	18376
34123	34123
34123	18393
34123	34422
7120	7120
7120	7151
7120	15060
17476	17476
17476	26901
34154	34154
19419	19419
19834	19834
51286	51286
4092	4092
50957	50957
16313	16313
25359	25359
25359	27431
16269	16269
50594	50594
50594	34575
50594	19479
50594	30205
50594	34085
27483	27483
50400	50400
27517	27517
50477	50477
30721	30721
30721	4394
30721	27744
30721	19168
34513	34513
30756	30756
26642	26642
26642	19753
19029	19029
34469	34469
10252	10252
27127	27127
16659	16659
16659	16657
25787	25787
25787	30199
25787	25786
51758	51758
36327	36327
26638	26638
30656	30656
30656	30655
6375	6375
6375	15988
6375	34235
16623	16623
4961	4961
4961	4558
6278	6278
17495	17495
5763	5763
17501	17501
7057	7057
7057	11240
7020	7020
30079	30079
11218	11218
11218	4574
7248	7248
7248	16213
17664	17664
5471	5471
17613	17613
17613	18465
17613	18372
17613	17304
17613	18337
11281	11281
15127	15127
30097	30097
36405	36405
6894	6894
6894	51110
16198	16198
6900	6900
27691	27691
18180	18180
18180	18215
27608	27608
27608	28005
27608	28006
15837	15837
17359	17359
15840	15840
15560	15560
15560	26980
15560	17414
15560	26979
15560	26984
15560	19711
15560	16634
15560	26981
15560	16009
30969	30969
15517	15517
15517	18113
15517	7322
15517	16617
15517	36086
15517	6049
15517	16945
5041	5041
34695	34695
16866	16866
16866	16867
18890	18890
16811	16811
10037	10037
10037	10032
6184	6184
10040	10040
16546	16546
16546	26557
16546	27348
16546	27796
16546	51121
16546	27586
16546	27074
16546	16302
16546	19346
16546	19348
16546	51167
16546	19351
16546	15298
16546	25325
16546	25228
16546	5744
16546	27077
16546	16548
16546	19338
16546	19345
16546	16301
16546	27075
16546	50896
16546	16303
16546	7244
16546	19347
16546	6968
16546	16904
16546	25227
16546	51120
16546	27797
16546	19337
16546	16547
16546	16304
16546	50895
16546	27076
16546	16543
16546	19344
16546	16300
16546	27027
16546	19257
16546	19350
16546	18857
16546	19349
6010	6010
6010	6324
25956	25956
17324	17324
19231	19231
19231	15632
19231	17014
30434	30434
30434	30433
30434	30432
34606	34606
19246	19246
30880	30880
36048	36048
36048	11422
36048	5054
36048	4448
6117	6117
50228	50228
10147	10147
10130	10130
6160	6160
6160	15271
18523	18523
18523	17483
18523	17482
18523	17948
18803	18803
50325	50325
50325	6760
25492	25492
25492	17085
25492	18458
25492	30098
17680	17680
7242	7242
30004	30004
30004	50960
30004	30003
30004	34231
30004	17760
30004	30002
30004	34233
30004	51124
7235	7235
11265	11265
11265	30048
11265	36136
11265	30047
11265	30050
5821	5821
5821	6606
5856	5856
5598	5598
50715	50715
4369	4369
16735	16735
18620	18620
18620	25239
27146	27146
30740	30740
30740	30739
30740	30738
30740	25573
17050	17050
5232	5232
34572	34572
34572	6321
34572	6322
34572	34747
34572	34573
34572	34746
11521	11521
11521	11519
11521	30289
11521	19911
11521	15874
11521	19929
11521	17698
11521	11520
11521	15873
11521	4428
4167	4167
4167	4360
4167	5194
4167	4166
4167	15785
50936	50936
27598	27598
16372	16372
27856	27856
6624	6624
25242	25242
25235	25235
5796	5796
30370	30370
11085	11085
11085	7058
11085	15808
11085	11143
11085	10149
11085	11126
11085	11142
11085	11145
17583	17583
19478	19478
51304	51304
17940	17940
17940	17748
17940	6468
17940	26733
17940	27273
17940	26758
17940	17471
11188	11188
27406	27406
25345	25345
4183	4183
18360	18360
18360	17282
18360	27089
18360	5842
18360	17837
18360	16603
18360	6362
18360	17836
18360	27088
18360	18361
18360	7432
18360	18359
18360	18362
6723	6723
6723	5407
18317	18317
18317	17258
18317	19689
18317	18839
16396	16396
17589	17589
51274	51274
51274	51279
51274	51273
51274	51277
51274	51280
51274	51269
51274	51270
51274	51272
51274	51278
51274	51275
51274	51271
51274	51276
26314	26314
11182	11182
11182	10083
30200	30200
27036	27036
27041	27041
6313	6313
6313	50074
6313	5689
16632	16632
15719	15719
34578	34578
34578	17794
34578	11435
34578	51322
34578	34762
34578	17793
34578	17159
34578	34509
34578	25218
34578	34763
34578	17795
34578	34577
34578	17796
11426	11426
36336	36336
26629	26629
19042	19042
5335	5335
50210	50210
25869	25869
18941	18941
18941	4553
4716	4716
25549	25549
25549	25280
10005	10005
18416	18416
4761	4761
17288	17288
30856	30856
30856	30678
30856	30855
30856	30297
30821	30821
15805	15805
30495	30495
51478	51478
51478	51438
51478	34717
26518	26518
34744	34744
34744	34739
34744	19536
17266	17266
6932	6932
6465	6465
16133	16133
16133	16134
16133	6258
16133	4771
25179	25179
25179	25586
25179	25180
25179	25676
5880	5880
26052	26052
51132	51132
26025	26025
34279	34279
5963	5963
5963	5683
5963	25912
5539	5539
34303	34303
5819	5819
5819	18081
5819	6965
30131	30131
30131	34121
30131	30130
30131	26853
15162	15162
7300	7300
6938	6938
18156	18156
25173	25173
6418	6418
6418	16599
11257	11257
7207	7207
28040	28040
18511	18511
4666	4666
4666	50309
4666	5711
4666	6599
4666	6600
10096	10096
10102	10102
25863	25863
6125	6125
18566	18566
18566	25263
18588	18588
6028	6028
27394	27394
10078	10078
51952	51952
30592	30592
19397	19397
19397	27527
5174	5174
51405	51405
26948	26948
26948	25499
19530	19530
17425	17425
7104	7104
7104	34026
15366	15366
5630	5630
30342	30342
17905	17905
17905	19995
7009	7009
7009	15764
7009	7008
7009	18464
6782	6782
18222	18222
27813	27813
25393	25393
27533	27533
27533	27775
27533	27569
50453	50453
50453	50450
50453	50452
50809	50809
50809	51268
30691	30691
11564	11564
11564	11565
11564	11566
5200	5200
30608	30608
4486	4486
4486	4431
10276	10276
10276	4899
27079	27079
287	287
16693	16693
18612	18612
31017	31017
50014	50014
10298	10298
26761	26761
17165	17165
17165	19099
17165	51097
17165	17166
17165	25809
17165	16587
17165	50302
15651	15651
15651	26612
15651	15045
15651	19940
34447	34447
30796	30796
19007	19007
15626	15626
15626	15809
15626	5368
4935	4935
18618	18618
50113	50113
25730	25730
25730	4778
25730	16669
25730	30401
25730	28008
25730	5511
25730	18251
25730	28009
25730	16668
25730	27577
25730	4770
16600	16600
16600	5666
16600	19069
16600	50010
16600	5514
16600	50011
16600	15826
18681	18681
16794	16794
27109	27109
27109	26994
27109	30374
51231	51231
7179	7179
17555	17555
30245	30245
34194	34194
34194	34193
34194	34196
5740	5740
5740	17311
5740	4554
5740	25860
5740	26695
5740	17310
5740	4262
5740	5741
5740	17125
5740	26694
5740	6645
5740	26693
5740	5396
5740	4027
5740	25861
25294	25294
50459	50459
50459	50461
50459	50454
50459	50460
27880	27880
50803	50803
27914	27914
16247	16247
25399	25399
25399	26576
25399	27021
6685	6685
11298	11298
5468	5468
28061	28061
5845	5845
15149	15149
15149	7412
15149	11147
15149	7408
15149	7411
15149	15502
15149	15148
15149	7413
15149	7410
15149	7409
11201	11201
34225	34225
17770	17770
11276	11276
6439	6439
25028	25028
27688	27688
27688	27729
27688	26780
18094	18094
6919	6919
15954	15954
19358	19358
19358	27103
19358	27102
19358	19357
26969	26969
15403	15403
34781	34781
34662	34662
30450	30450
16905	16905
16905	25141
16905	30025
16905	30023
16905	25140
16905	25918
27221	27221
10059	10059
25481	25481
25481	30814
25562	25562
18547	18547
18889	18889
16808	16808
10123	10123
10123	18478
10123	18878
10123	5538
10123	5902
6173	6173
30557	30557
30899	30899
15573	15573
34712	34712
34712	34711
34712	34713
34712	34710
19325	19325
51523	51523
30994	30994
5128	5128
5128	16120
5128	5958
5128	5064
5128	34307
5128	6610
5128	26881
5128	26603
5128	18827
5128	16835
5128	27924
15409	15409
15853	15853
6074	6074
6074	19743
6074	19615
6074	19744
6074	19616
6074	19742
4740	4740
18437	18437
10024	10024
10024	7320
4737	4737
4737	30421
27351	27351
25465	25465
16996	16996
16802	16802
5462	5462
15134	15134
19715	19715
30084	30084
30084	30083
30084	30080
30084	30082
30084	30085
30084	30081
30084	30086
51087	51087
28085	28085
51113	51113
51113	51112
28111	28111
5935	5935
25158	25158
25158	4524
18193	18193
18193	18121
6444	6444
6444	4565
6444	5785
6444	4173
6444	4364
6444	5231
6444	6014
6444	4064
6444	4679
6444	6391
6869	6869
27761	27761
25022	25022
50601	50601
16068	16068
50795	50795
6300	6300
27128	27128
27128	28053
27128	34457
27128	16381
27128	50125
27128	30065
10327	10327
4819	4819
16621	16621
16621	16602
18734	18734
27025	27025
6399	6399
25685	25685
4880	4880
4880	11129
4880	17192
4880	11124
4880	10068
4880	11084
27052	27052
27052	50860
27052	50859
17133	17133
17133	34258
18373	18373
18373	50566
18373	25003
18373	27067
18373	26586
18373	6838
18373	7238
18373	25821
18373	50565
18373	7236
18373	16673
18373	6024
18373	7239
18373	15917
18373	50546
18373	6357
18373	50563
18373	19976
18373	26590
18373	50564
18373	7237
18373	27888
18373	16598
6747	6747
16211	16211
50478	50478
50478	51695
16385	16385
18290	18290
27581	27581
50496	50496
50496	50497
27462	27462
27462	27975
17497	17497
5761	5761
5761	10141
19416	19416
30213	30213
30213	30212
30213	30211
19461	19461
19461	19462
19461	19463
5682	5682
19941	19941
27565	27565
16316	16316
16316	16373
16361	16361
11078	11078
11078	51473
51317	51317
5688	5688
51360	51360
17953	17953
17953	50917
17953	50921
17953	7231
17953	6620
17509	17509
34151	34151
34151	34557
34151	27302
34151	50545
34151	27034
17829	17829
17829	15558
17829	17477
11175	11175
19566	19566
19566	19565
19566	5981
19566	19567
19566	19563
19566	19564
17590	17590
17590	17591
17590	17592
4987	4987
4987	4986
4987	4354
4987	25237
50035	50035
6393	6393
6393	6093
6393	5903
6393	7222
6393	6392
6393	25663
50138	50138
6207	6207
26647	26647
26647	28055
19156	19156
30753	30753
15694	15694
18855	18855
18855	18836
18822	18822
10111	10111
25993	25993
25993	27524
25993	27170
25993	18953
25993	16173
25993	27020
25993	6253
6136	6136
15911	15911
15885	15885
15885	15882
15885	19034
15966	15966
19267	19267
34627	34627
17305	17305
17305	16670
17305	18242
15431	15431
4348	4348
25160	25160
18048	18048
25083	25083
6571	6571
6571	6127
433	433
18145	18145
5800	5800
51051	51051
51051	27058
30128	30128
19657	19657
17735	17735
27629	27629
4335	4335
16157	16157
18042	18042
18042	18041
6476	6476
6476	6161
6476	6162
25184	25184
25184	25185
6498	6498
6956	6956
25067	25067
15092	15092
15092	16404
15092	6711
15092	6277
15092	27300
15092	27035
15092	17362
15092	4132
15092	50964
15092	5038
15092	27798
15092	26526
15092	28028
15092	17437
15092	25479
15092	16321
15092	6202
15092	4866
15092	25150
15092	15498
15092	17443
15092	4567
15092	6584
7364	7364
7364	51283
15106	15106
17645	17645
7313	7313
7269	7269
5970	5970
16567	16567
16567	10072
16567	34692
16567	10071
16567	7383
16567	19685
16567	34691
16567	26318
16567	16884
16567	15485
16567	16708
16567	26316
16567	51631
16567	34673
50379	50379
4772	4772
4772	51654
27314	27314
27280	27280
27280	26602
27280	26601
27280	27279
27280	26569
27280	27281
27280	27278
27280	26600
27280	27441
26951	26951
26951	26766
26951	51188
30565	30565
36119	36119
51485	51485
26592	26592
19809	19809
34064	34064
19453	19453
30256	30256
19424	19424
19424	19425
5753	5753
11037	11037
11037	16208
11037	6022
11037	5213
11037	5768
11037	17196
11037	6129
11037	5604
11037	4344
11037	6130
11037	25827
11037	16207
11037	27354
11037	18301
11037	5769
11037	11035
5629	5629
17985	17985
17811	17811
17811	26877
17811	7055
17811	17404
17811	26876
17811	19731
17811	26878
19973	19973
27450	27450
27450	27449
27450	4072
27450	27451
16359	16359
16359	18730
16359	18266
17176	17176
17176	17370
15642	15642
15642	15490
15642	18298
34423	34423
19014	19014
30611	30611
11593	11593
5219	5219
26691	26691
6345	6345
25659	25659
25659	25668
25659	34737
25659	25667
25659	28017
18692	18692
10315	10315
50199	50199
50199	6235
50199	16514
50199	6281
50199	50198
50199	16508
50199	4272
50199	16512
50094	50094
50100	50100
50100	50101
11599	11599
11599	4255
19087	19087
30682	30682
11500	11500
30761	30761
30761	50160
30761	30760
30761	50159
19164	19164
19164	18269
19164	16775
25624	25624
25624	25616
25624	25623
25624	25620
25624	30091
25624	25622
25624	25617
25624	25625
25624	25621
25624	25626
27110	27110
6338	6338
31073	31073
10265	10265
18795	18795
18795	50007
18795	30099
18795	51259
10212	10212
16680	16680
18601	18601
31004	31004
6242	6242
5759	5759
34019	34019
19803	19803
17916	17916
15278	15278
15278	15277
19523	19523
34163	34163
25380	25380
50437	50437
25214	25214
16229	16229
5659	5659
19559	19559
19559	18792
19559	25466
19559	19520
19559	18250
19559	51432
19559	30150
19559	27425
19559	19521
19559	50276
19879	19879
11030	11030
25219	25219
6691	6691
18346	18346
27977	27977
5269	5269
11499	11499
36284	36284
17092	17092
19187	19187
30782	30782
30782	30444
30782	30373
30782	30786
30782	30790
30782	30368
30782	15125
34453	34453
34453	30598
17171	17171
17171	10011
4956	4956
10268	10268
16719	16719
6335	6335
6342	6342
10286	10286
16614	16614
15742	15742
11507	11507
15735	15735
5263	5263
34459	34459
4571	4571
18606	18606
50099	50099
6232	6232
6232	16019
50077	50077
11140	11140
3322	3322
3322	7285
19553	19553
5624	5624
1582	1582
1582	189
1582	1696
1582	16123
1582	1581
1582	18788
1582	1583
1582	1584
1582	6908
17446	17446
17431	17431
30321	30321
17911	17911
7189	7189
51355	51355
27993	27993
27993	27992
4136	4136
16354	16354
27550	27550
25213	25213
25387	25387
4791	4791
25994	25994
10082	10082
27214	27214
27214	27213
27214	25873
27263	27263
36080	36080
34657	34657
34657	19568
15441	15441
51488	51488
17278	17278
17278	18701
17278	51258
17278	6004
17278	5177
17278	25240
6495	6495
6495	6496
6495	6494
16057	16057
25084	25084
50744	50744
15192	15192
7264	7264
19627	19627
19650	19650
19650	18884
19650	19651
19650	19656
19650	19655
17745	17745
5807	5807
51021	51021
51021	27307
6926	6926
18045	18045
4332	4332
4332	11460
4332	15892
4332	5130
4332	11052
4332	11462
4332	4811
4332	11459
4332	11461
4332	11051
6406	6406
6406	27440
50739	50739
7219	7219
26031	26031
26031	36111
5977	5977
51126	51126
51126	15168
51126	11195
51126	11216
51126	18824
51126	50324
51126	26866
26046	26046
5900	5900
5900	19458
5900	6149
15101	15101
15101	15190
19720	19720
19720	19721
19720	19722
5999	5999
4678	4678
27287	27287
16837	16837
27313	27313
16517	16517
4775	4775
4775	5299
18475	18475
16560	16560
15811	15811
17308	17308
17308	17313
30418	30418
30842	30842
51841	51841
51841	51842
51841	51840
51841	51843
17272	17272
36064	36064
36064	36021
34750	34750
17391	17391
30481	30481
36013	36013
5067	5067
5067	15931
15531	15531
30515	30515
25761	25761
25761	16476
27055	27055
27055	18017
4964	4964
4964	26620
4964	26619
18733	18733
51627	51627
26730	26730
26730	15693
17039	17039
51650	51650
17143	17143
17143	25138
34461	34461
34461	50107
34582	34582
34582	17075
34582	19714
34582	18770
34582	19881
5356	5356
25351	25351
25351	34217
25351	5459
25351	17036
25326	25326
27412	27412
27848	27848
18297	18297
16382	16382
18303	18303
7128	7128
26300	26300
17853	17853
51260	51260
19946	19946
19946	34009
19946	17137
19946	25085
19946	19943
11075	11075
15247	15247
5766	5766
5766	4326
17490	17490
17490	17491
4090	4090
16366	16366
50955	50955
50955	51379
50955	15597
50955	51659
50955	15598
50955	16518
18390	18390
50596	50596
27481	27481
50402	50402
50402	50259
27515	27515
27515	27576
27515	25987
27515	27575
27515	5508
27515	27516
27515	25986
27515	27514
27515	27513
27515	5510
27515	5509
16388	16388
27938	27938
27938	27936
27938	50253
27938	27939
27938	27937
27938	19191
19482	19482
11105	11105
17597	17597
30313	30313
15337	15337
11091	11091
17403	17403
5661	5661
7122	7122
6200	6200
10250	10250
6299	6299
4814	4814
17033	17033
15707	15707
30754	30754
36328	36328
26637	26637
26637	26846
28088	28088
5515	5515
17777	17777
30010	30010
7256	7256
7256	7178
36516	36516
34358	34358
34358	34359
34358	16831
17799	17799
15139	15139
18107	18107
18107	7276
6533	6533
6533	51390
6533	17435
6533	50240
6533	18400
6533	50239
50798	50798
4393	4393
50776	50776
6864	6864
15829	15829
19225	19225
19225	10165
51423	51423
51423	51424
20032	20032
6174	6174
6174	5825
6174	5824
25468	25468
10124	10124
6103	6103
6103	5324
18540	18540
18540	25762
18540	18541
25565	25565
18817	18817
18817	27640
18817	15102
16902	16902
15479	15479
30807	30807
15823	15823
15503	15503
5055	5055
5055	5389
26549	26549
26549	26702
26887	26887
5022	5022
15574	15574
30550	30550
30550	27724
27321	27321
16991	16991
16428	16428
25838	25838
18989	18989
6190	6190
6073	6073
25935	25935
5568	5568
51114	51114
34325	34325
11301	11301
11301	4114
11301	11300
11301	5517
5465	5465
5465	5951
5465	6158
17607	17607
17607	50612
11295	11295
17670	17670
4294	4294
4294	15795
4300	4300
4300	4299
18194	18194
17896	17896
17896	17898
17896	17895
17896	6317
17896	17897
19860	19860
11029	11029
17975	17975
17975	6549
17975	50000
17975	17976
17975	17977
7079	7079
34094	34094
18328	18328
6688	6688
50897	50897
50897	19584
50897	50898
16330	16330
16330	16329
36309	36309
5393	5393
30696	30696
30696	26967
30696	26765
30696	26968
15726	15726
15726	17878
15726	5235
15726	30867
15726	51713
15726	51253
15726	5719
19107	19107
30702	30702
25647	25647
25647	36172
25647	25648
18718	18718
6256	6256
6256	5942
10271	10271
16777	16777
16777	15743
16777	18446
19000	19000
19000	18987
19000	27014
19000	27013
19000	26834
19000	30398
19000	27111
19000	26840
19000	27012
19000	27015
19000	25805
34437	34437
26788	26788
30672	30672
17018	17018
51792	51792
18712	18712
27003	27003
4945	4945
50114	50114
50114	27360
50114	51173
50114	50118
50114	27361
27197	27197
50080	50080
17525	17525
15211	15211
7073	7073
30235	30235
30242	30242
15266	15266
7004	7004
7004	7022
19967	19967
51236	51236
51236	51235
51236	51230
51236	51234
6682	6682
18355	18355
6716	6716
27964	27964
27964	16635
27964	16912
16237	16237
16237	17575
16237	16846
16237	17863
27913	27913
6761	6761
18322	18322
18322	18325
25293	25293
27869	27869
6052	6052
18411	18411
18411	15797
18411	15798
16490	16490
10002	10002
10002	51351
10002	6175
10002	6865
10075	10075
10075	11288
10075	10076
6025	6025
18946	18946
6128	6128
4788	4788
4788	16216
4788	4184
4788	16250
4788	34503
4788	4381
34743	34743
19303	19303
19303	18725
15996	15996
5179	5179
4321	4321
16039	16039
16039	16038
16039	16364
6518	6518
6518	5116
6518	5115
51038	51038
11357	11357
30136	30136
30136	30134
30136	30127
36430	36430
36430	34429
36430	36431
36430	11399
36430	6178
36430	34428
19649	19649
19649	19644
19649	19648
19649	19645
28137	28137
26055	26055
6948	6948
16044	16044
6565	6565
5814	5814
30031	30031
11250	11250
27207	27207
50310	50310
27393	27393
6058	6058
18841	18841
10008	10008
10008	18901
6122	6122
4782	4782
10105	10105
4661	4661
10091	10091
10091	11283
51475	51475
30956	30956
17388	17388
15972	15972
15972	10267
26562	26562
51596	51596
51596	51591
51596	51597
51596	51609
19204	19204
30595	30595
30595	30427
30595	30601
30595	30416
30595	30430
30595	30594
30595	27365
30595	30435
30595	30593
30595	30690
30595	30431
30595	30428
36170	36170
5090	5090
5104	5104
16648	16648
4993	4993
6369	6369
6369	16043
6369	6365
27141	27141
27141	6803
25778	25778
5338	5338
34478	34478
5242	5242
51649	51649
51649	50356
51649	34584
11526	11526
15763	15763
27506	27506
6759	6759
6759	19056
4117	4117
4117	25690
18260	18260
18260	26773
18217	18217
18217	18218
16296	16296
30399	30399
34048	34048
17584	17584
15324	15324
17467	17467
19928	19928
6753	6753
6753	6752
12040	12040
27476	27476
27401	27401
19922	19922
19922	27549
19922	11458
19922	25497
17840	17840
17840	16882
17840	6945
17840	26630
17840	30221
17840	27167
17840	50910
17840	50909
17840	27031
17840	17839
17840	25634
17840	50907
17840	25910
17840	30904
17840	30222
17840	15535
17840	19623
17840	25909
17840	27169
17840	16116
17840	51338
17840	27032
17840	17843
17840	27030
17840	17841
17840	27344
17840	51719
17840	30901
17840	15408
17840	18531
17840	15537
17840	30220
17840	6679
17840	30532
17840	27343
17840	51339
17840	34407
17840	27168
17840	30902
17840	16117
17840	26632
17840	30905
17840	6988
17840	30223
17840	5875
17840	27176
11088	11088
4999	4999
4457	4457
6363	6363
10333	10333
25705	25705
15664	15664
11456	11456
26659	26659
26659	6226
36331	36331
36331	36330
15787	15787
30637	30637
30637	30629
30637	30627
30637	28001
30637	30634
30637	30636
30637	30628
30637	30635
30637	30638
30637	30632
5345	5345
5345	4813
26723	26723
26723	26724
34336	34336
11286	11286
17663	17663
17663	16698
5595	5595
34341	34341
51107	51107
51107	26915
51107	51108
28105	28105
11268	11268
28091	28091
4313	4313
4313	7103
6893	6893
4269	4269
26894	26894
26894	26893
26894	15713
26894	15714
26894	26570
26894	15712
26894	18968
26894	15711
5031	5031
51860	51860
15847	15847
15830	15830
16541	16541
25951	25951
25951	25952
25951	25950
16536	16536
16536	16441
16536	6914
16536	16440
30913	30913
30913	30921
30913	30922
30913	30920
30913	30915
15940	15940
30869	30869
17323	17323
17323	17139
5141	5141
5141	25618
5141	25619
16966	16966
16966	30007
16966	34299
16966	30006
16966	34301
50355	50355
18429	18429
4729	4729
4729	6031
27235	27235
16911	16911
16911	26772
6167	6167
10137	10137
10137	15684
10137	4267
10137	16874
10137	18473
18909	18909
18909	10193
16988	16988
18553	18553
30179	30179
51077	51077
51077	51078
5506	5506
19606	19606
5571	5571
1743	1743
1743	30310
17687	17687
11215	11215
27672	27672
27672	30077
27672	26746
27672	30078
16098	16098
50712	50712
50712	15137
50712	19264
50712	34409
16195	16195
18114	18114
16001	16001
4263	4263
4263	4683
34498	34498
36342	36342
15660	15660
17154	17154
30633	30633
36335	36335
27042	27042
4973	4973
6367	6367
6367	15634
25798	25798
6284	6284
17833	17833
30379	30379
19951	19951
11118	11118
11118	11097
51299	51299
5692	5692
5692	30518
5692	4884
5692	30658
34046	34046
30397	30397
30397	51073
30397	5973
30397	50839
11181	11181
5771	5771
25346	25346
16298	16298
27925	27925
18280	18280
18363	18363
11086	11086
11086	50743
11086	18348
11086	50549
11086	10107
19598	19598
17934	17934
17934	17428
17934	10089
4113	4113
50942	50942
27478	27478
27502	27502
25241	25241
12039	12039
12039	4734
12039	12036
12039	12035
12039	4732
12039	12038
34492	34492
34492	28086
11555	11555
26657	26657
26657	50970
26657	50387
26657	50993
15789	15789
18654	18654
18654	30314
18654	15654
18654	16608
6260	6260
27048	27048
27048	25904
25606	25606
25606	25607
4384	4384
25038	25038
25038	15820
16072	16072
18167	18167
27698	27698
27698	19332
6429	6429
6429	6449
27795	27795
27795	19496
27795	19495
6873	6873
19675	19675
30193	30193
30193	19008
19796	19796
17683	17683
17683	4046
15023	15023
15023	15035
34338	34338
5822	5822
5822	50121
5822	5823
6114	6114
18899	18899
10144	10144
10144	17608
10144	10145
6080	6080
6080	15949
6080	5755
6080	5455
16538	16538
16538	16542
50326	50326
27231	27231
25491	25491
16881	16881
17350	17350
19245	19245
19245	16205
19245	19242
19245	19243
15849	15849
34605	34605
34605	25135
34605	34528
34605	34603
34605	51061
34605	30458
34605	34526
34605	34604
15569	15569
15569	6899
15569	4874
15569	4841
15569	27227
15569	5808
51443	51443
25402	25402
10043	10043
16545	16545
4727	4727
6013	6013
10034	10034
26809	26809
15419	15419
30810	30810
30810	17424
51533	51533
34678	34678
34702	34702
34696	34696
26529	26529
26529	26527
27706	27706
27771	27771
16175	16175
50688	50688
4283	4283
25148	25148
25148	16868
18183	18183
18183	6575
18183	11573
18183	27781
18183	11055
18183	7140
18183	5504
18183	4902
16102	16102
6454	6454
26063	26063
5952	5952
5952	4035
5952	4998
11282	11282
5591	5591
36471	36471
17667	17667
17667	18039
30177	30177
30177	34727
30177	30585
50557	50557
50899	50899
50899	27482
18351	18351
27883	27883
27883	7279
27883	27884
27917	27917
16233	16233
4051	4051
4051	5601
4051	19027
4051	4382
4051	5600
4051	4050
19880	19880
7099	7099
17521	17521
17521	16035
5743	5743
30231	30231
15381	15381
30246	30246
7000	7000
17556	17556
50084	50084
50084	27508
50084	27511
50084	5013
50084	27477
4936	4936
4936	18796
4936	15201
4936	30284
4936	25281
4936	27315
4936	19892
4936	18797
25744	25744
18761	18761
18761	10239
18761	10237
18761	10235
18761	10238
10291	10291
6355	6355
6355	19068
15625	15625
5373	5373
19004	19004
19004	19884
19004	19076
19004	19075
19004	19005
5304	5304
15652	15652
6252	6252
10275	10275
51608	51608
5203	5203
15722	15722
26768	26768
26768	26759
26768	26767
26768	26972
26786	26786
26786	26762
51691	51691
51691	51673
4156	4156
